#{"t_start": 1701782625.893583, "env_id": "None"}
r,l,t
0.72876,76,1.510403
0.72876,76,1.51047
0.72876,76,1.510484
0.72876,76,1.510492
0.72876,76,1.510503
0.72876,76,1.51051
0.72876,76,1.51052
0.72876,76,1.510527
0.72524,77,1.869764
0.72524,77,1.86982
0.72524,77,1.869832
0.72524,77,1.86984
0.72524,77,1.869848
0.72524,77,1.869855
0.72524,77,1.869862
0.72524,77,1.869869
0.82516,48,2.085308
0.82516,48,2.085371
0.82516,48,2.085382
0.82516,48,2.085391
0.82516,48,2.085399
0.82516,48,2.085406
0.82516,48,2.085412
0.82516,48,2.085419
0.7282,76,2.443574
0.7282,76,2.443636
0.7282,76,2.443647
0.7282,76,2.443655
0.7282,76,2.443664
0.7282,76,2.443672
0.7282,76,2.443679
0.7282,76,2.443685
0.80492,54,3.231514
0.76976,64,3.311335
0.76968,64,3.31139
0.75908,67,3.33728
0.74204,72,3.378305
0.73888,73,3.386275
0.73892,73,3.386343
0.73568,74,3.394761
0.78576,59,3.817416
0.7316,75,3.842858
0.75644,68,3.869908
0.72728,76,3.934996
0.75552,68,3.952655
0.74196,72,3.970626
0.74524,71,3.97069
0.7372,73,3.986171
0.79664,56,4.27716
0.83456,45,4.301023
0.76608,65,4.37442
0.7694,64,4.392148
0.80708,53,4.416425
0.78324,60,4.441103
0.78312,60,4.457785
0.75888,67,4.517275
0.82816,47,4.662372
0.83844,44,4.750545
0.76932,64,4.828167
0.7628,66,7.063172
0.75896,67,7.108272
0.7656,65,7.129504
0.78612,59,7.137003
0.74628,71,7.160275
0.77996,61,7.281148
0.72508,77,7.494925
0.74868,70,7.512387
0.8076,53,7.547655
0.77648,62,7.589125
0.749,70,7.606585
0.769,64,7.631345
0.80024,55,7.732323
0.7382,73,7.739821
0.83828,44,7.861792
0.84864,41,7.937681
0.76288,66,8.052852
0.79052,58,8.103001
0.74208,72,8.137234
0.79788,56,8.189527
0.73812,73,8.189585
0.82504,48,8.253696
0.75904,67,8.288003
0.77316,63,8.546935
0.72172,78,8.55463
0.75952,67,8.628579
0.75636,68,8.670417
0.74936,70,8.739409
0.75904,67,8.78157
0.72548,77,8.799761
0.73916,73,8.861065
0.75296,69,9.530201
0.75296,69,9.531081
0.75296,69,9.531105
0.75296,69,9.531115
0.75296,69,9.531123
0.75296,69,9.53113
0.74484,71,9.540704
0.74484,71,9.540766
0.81072,52,12.340626
0.79376,57,12.362751
0.7732,63,12.409756
0.77248,63,12.409822
0.76256,66,12.432755
0.74564,71,12.469685
0.73856,73,12.486158
0.73468,74,12.50961
0.8106,52,12.759038
0.7692,64,12.894261
0.78992,58,12.909509
0.78328,60,12.940015
0.71168,81,12.955063
0.73224,75,12.979404
0.72868,76,13.015686
0.7082,82,13.155801
0.81364,51,13.388387
0.71448,80,13.410654
0.73592,74,13.510251
0.75304,69,13.560146
0.71576,80,13.576549
0.7118,81,13.621786
0.78568,59,13.653319
0.70824,82,13.715362
0.82008,49,13.810503
0.8142,51,13.852487
0.82092,49,13.926963
0.841,43,13.941523
0.82028,49,13.971058
0.8242,48,14.038915
0.81056,52,14.047423
0.80988,52,16.319774
0.8938,28,16.352163
0.84096,43,16.458764
0.75944,67,16.525297
0.82764,47,16.532626
0.76216,66,16.555467
0.81348,51,16.633483
0.80368,54,16.647917
0.80308,54,16.726642
0.7694,64,16.830589
0.80708,53,16.846909
0.82448,48,16.884126
0.80748,53,16.947645
0.7376,73,17.068532
0.81404,51,17.113169
0.75168,69,17.168394
0.7348,74,17.191428
0.7998,55,17.268468
0.78588,59,17.283269
0.76832,64,17.429651
0.73156,75,17.452863
0.77336,63,17.543457
0.7562,68,17.627438
0.74796,70,17.719985
0.72792,76,17.74176
0.7632,66,17.764808
0.73188,75,17.84543
0.73884,73,17.974963
0.7316,75,18.014391
0.83452,45,18.465113
0.83452,45,18.465172
0.83452,45,18.465183
0.83452,45,18.465192
0.83452,45,18.465215
0.83452,45,18.465222
0.79352,57,18.513748
0.79352,57,18.513816
0.86252,37,20.995851
0.83816,44,21.049409
0.74972,70,21.149407
0.72808,76,21.19161
0.71876,79,21.212952
0.70544,83,21.241685
0.70452,83,21.241755
0.68868,88,21.278338
0.75644,68,21.48788
0.71572,80,21.636821
0.80464,54,21.645566
0.77648,62,21.654816
0.745,71,21.679852
0.78984,58,21.716474
0.75468,68,21.724495
0.7426,72,21.783471
0.77252,63,21.966788
0.82796,47,22.025446
0.79732,56,22.054103
0.81056,52,22.106021
0.78988,58,22.142895
0.75552,68,22.150324
0.75548,68,22.157888
0.78028,61,22.230795
0.81412,51,22.340224
0.7894,58,22.448037
0.76604,65,22.526387
0.77928,61,22.548557
0.74828,70,22.653862
0.7444,71,22.667984
0.72696,76,22.689144
0.75864,67,22.709907
0.78256,60,22.768451
0.79128,58,24.95132
0.8142,51,25.000773
0.839,44,25.058688
0.80784,53,25.137557
0.72404,77,25.166036
0.78376,60,25.208857
0.78056,61,25.238459
0.77644,62,25.301194
0.80052,55,25.344622
0.81756,50,25.359613
0.87632,33,25.452606
0.78604,59,25.495493
0.79356,57,25.56859
0.82112,49,25.611738
0.74568,71,25.698425
0.78024,61,25.762275
0.75924,67,25.850486
0.76304,66,25.857769
0.80072,55,25.86487
0.79076,58,25.920572
0.82808,47,25.948303
0.85548,39,25.98183
0.74948,70,26.082913
0.7944,57,26.179737
0.7904,58,26.272
0.78384,60,26.293651
0.7564,68,26.355799
0.7772,62,26.369772
0.77396,63,26.405504
0.78336,60,26.413269
0.8284,47,26.934313
0.8284,47,26.934376
0.8284,47,26.934387
0.80048,55,26.971417
0.80048,55,26.971472
0.80048,55,26.971484
0.80048,55,26.971492
0.80048,55,26.9715
0.8036,54,29.346802
0.81492,51,29.384089
0.78276,60,29.391819
0.77932,61,29.400751
0.79764,56,29.422359
0.78408,60,29.450848
0.76288,66,29.497406
0.75956,67,29.505625
0.81756,50,29.750529
0.74256,72,29.875387
0.75972,67,29.884731
0.8034,54,29.900038
0.752,69,29.90874
0.73592,74,29.966126
0.7654,65,29.97375
0.74184,72,29.98099
0.8286,47,30.100313
0.835,45,30.246949
0.79668,56,30.314155
0.75932,67,30.402995
0.76676,65,30.487377
0.73196,75,30.496201
0.76288,66,30.512348
0.73516,74,30.572138
0.82872,47,30.643711
0.7456,71,30.686733
0.79084,58,30.802823
0.746,71,30.991002
0.78012,61,30.999624
0.76932,64,31.042576
0.75276,69,31.138763
0.7146,80,31.147454
0.76692,65,31.214052
0.7458,71,31.221635
0.7252,77,33.371734
0.73224,75,33.551218
0.72256,78,33.566968
0.76932,64,33.600402
0.72096,78,33.616185
0.75608,68,33.638985
0.76948,64,33.686368
0.75988,67,33.7027
0.75188,69,33.920495
0.77288,63,34.056135
0.76556,65,34.098379
0.72752,76,34.136892
0.72456,77,34.224966
0.7454,71,34.240643
0.70832,82,34.240705
0.73476,74,34.249294
0.7838,60,34.369006
0.78652,59,34.594727
0.73812,73,34.669632
0.77364,63,34.737653
0.68796,88,34.737725
0.75868,67,34.769114
0.74908,70,34.800739
0.72136,78,34.837921
0.84212,43,35.309832
0.84212,43,35.309887
0.84212,43,35.309901
0.84212,43,35.30991
0.84212,43,35.309922
0.7802,61,35.389314
0.75996,67,35.41452
0.75996,67,35.41458
0.84212,43,35.562628
0.81748,50,35.618497
0.75968,67,35.76043
0.75576,68,35.769485
0.83824,44,35.769545
0.74884,70,35.785787
0.73516,74,37.977317
0.75588,68,37.977382
0.74512,71,38.149743
0.81128,52,38.197269
0.86936,35,38.251184
0.71448,80,38.275471
0.7458,71,38.360887
0.797,56,38.417314
0.71112,81,38.417376
0.7082,82,38.432568
0.78336,60,38.614091
0.81716,50,38.636854
0.80688,53,38.679504
0.82428,48,38.725374
0.72476,77,38.783908
0.8074,53,38.814809
0.79716,56,38.852033
0.77968,61,38.874166
0.86488,36,38.8816
0.82368,48,39.03733
0.84872,41,39.087667
0.76936,64,39.109193
0.8098,52,39.109258
0.84396,42,39.160986
0.82356,48,39.168376
0.7934,57,39.292483
0.73968,73,39.416366
0.78864,58,39.512435
0.77604,62,39.563815
0.74228,72,39.563876
0.77612,62,39.563887
0.73836,73,39.694155
0.73868,73,39.701618
0.7818,60,39.731453
0.77236,63,41.87091
0.78396,60,41.947896
0.79664,56,41.972134
0.7868,59,41.995546
0.749,70,42.079343
0.80348,54,42.103191
0.78024,61,42.148221
0.7426,72,42.268327
0.80868,53,42.276419
0.81172,52,42.368337
0.82168,49,42.474201
0.76692,65,42.489597
0.742,72,42.497866
0.8252,48,42.513137
0.74212,72,42.628727
0.78016,61,42.734197
0.74952,70,42.810533
0.74572,71,42.910281
0.79444,57,42.933027
0.7704,64,42.979281
0.7356,74,43.039023
0.74288,72,43.062466
0.73876,73,43.182863
0.83508,45,43.654351
0.83508,45,43.654403
0.83508,45,43.654414
0.83508,45,43.654422
0.83508,45,43.65443
0.794,57,43.709355
0.79072,58,43.714273
0.76196,66,43.749435
0.86336,37,43.876703
0.85628,39,43.892298
0.8494,41,43.908554
0.79048,58,44.037398
0.76328,66,44.096907
0.77636,62,44.165393
0.74096,72,46.211171
0.75864,67,46.241382
0.74908,70,46.378864
0.71444,80,46.463989
0.70408,83,46.499704
0.72528,77,46.579215
0.776,62,46.594453
0.79316,57,46.623369
0.718,79,46.653552
0.77312,63,46.694659
0.81424,51,46.829755
0.76912,64,46.837899
0.82112,49,46.853205
0.8004,55,46.973805
0.79764,56,46.995468
0.79688,56,47.051836
0.77972,61,47.059066
0.74788,70,47.195586
0.88036,32,47.29138
0.77368,63,47.306838
0.76244,66,47.306899
0.7628,66,47.31557
0.80756,53,47.374606
0.9178,21,47.478839
0.91784,21,47.487065
0.74828,70,47.522269
0.85512,39,47.609186
0.73512,74,47.609242
0.79336,57,47.633058
0.86248,37,47.648462
0.77968,61,47.763684
0.86264,37,47.801364
0.84188,43,47.809231
0.85264,40,47.909431
0.75968,67,47.973985
0.78312,60,48.052882
0.7874,59,50.065578
0.77312,63,50.080159
0.7688,64,50.211448
0.76932,64,50.24907
0.75852,67,50.278565
0.7596,67,50.376116
0.81736,50,50.39745
0.776,62,50.404957
0.82752,47,50.419795
0.8142,51,50.436419
0.85212,40,50.538982
0.74988,70,50.722719
0.77304,63,50.739029
0.8386,44,50.747574
0.79652,56,50.797014
0.79096,58,50.838668
0.7768,62,50.878303
0.81464,51,50.932796
0.7492,70,50.973249
0.77724,62,51.249087
0.76888,64,51.272912
0.77324,63,51.310206
0.7324,75,51.333231
0.79984,55,51.383026
0.75304,69,51.398602
0.73928,73,51.466954
0.79988,55,51.970644
0.79988,55,51.970716
0.79988,55,51.970732
0.79988,55,51.97074
0.74596,71,52.050506
0.74596,71,52.050563
0.74296,72,52.055473
0.74296,72,52.055532
0.77976,61,52.412518
0.7696,64,52.438216
0.75564,68,52.470823
0.79956,55,52.496148
0.78908,58,52.518873
0.78356,60,52.543286
0.72176,78,52.551883
0.72476,77,54.694544
0.80836,53,54.838693
0.78708,59,54.931004
0.74112,72,55.001373
0.78352,60,55.014906
0.74888,70,55.060031
0.72468,77,55.090658
0.7376,73,55.107295
0.7526,69,55.211072
0.77996,61,55.301215
0.78956,58,55.371629
0.77976,61,55.462613
0.79992,55,55.511041
0.78272,60,55.519596
0.74808,70,55.548024
0.73172,75,55.676199
0.8076,53,55.699782
0.75232,69,55.731671
0.82476,48,55.823206
0.78004,61,55.830618
0.8008,55,55.920377
0.77324,63,55.98739
0.73876,73,56.09543
0.7864,59,56.119198
0.76244,66,56.191526
0.76524,65,56.21281
0.74164,72,56.363238
0.74576,71,56.3633
0.77276,63,56.392955
0.79012,58,56.423465
0.84132,43,56.534702
0.79024,58,56.550521
0.79112,58,58.611762
0.73156,75,58.639868
0.77984,61,58.79489
0.76972,64,58.842758
0.72468,77,58.907868
0.74168,72,58.928039
0.7656,65,59.000778
0.80424,54,59.022806
0.77284,63,59.057461
0.72852,76,59.065772
0.78588,59,59.211144
0.79632,56,59.305508
0.7288,76,59.381751
0.76708,65,59.389527
0.75216,69,59.485098
0.73884,73,59.535462
0.75876,67,59.535524
0.73184,75,59.584191
0.72848,76,59.746246
0.79908,55,59.774144
0.81472,51,60.151102
0.81472,51,60.151166
0.81472,51,60.151178
0.78556,59,60.184315
0.78556,59,60.184376
0.77368,63,60.199547
0.7222,78,60.265995
0.7222,78,60.266056
0.79364,57,60.494249
0.78052,61,60.520459
0.81048,52,60.543993
0.79056,58,60.558081
0.7528,69,60.579698
0.72524,77,60.695193
0.7872,59,60.702216
0.7838,60,60.711475
0.80092,55,62.883566
0.79044,58,62.936007
0.83468,45,63.019321
0.746,71,63.045047
0.7382,73,63.074115
0.74956,70,63.07417
0.80148,55,63.082008
0.77552,62,63.144169
0.81748,50,63.235285
0.78924,58,63.365221
0.81856,50,63.425816
0.77308,63,63.489213
0.78588,59,63.518206
0.75284,69,63.595875
0.77944,61,63.604426
0.7418,72,63.612519
0.78972,58,63.675295
0.77636,62,63.803939
0.83448,45,63.804007
0.77236,63,63.870258
0.81424,51,63.878206
0.8144,51,63.977932
0.84204,43,63.984786
0.7938,57,64.00816
0.78592,59,64.031585
0.78656,59,64.237577
0.80312,54,64.270984
0.76536,65,64.278831
0.79664,56,64.278887
0.83108,46,64.307455
0.8246,48,64.330145
0.79312,57,64.419429
0.85876,38,64.578494
0.728,76,64.602677
0.80604,53,64.652106
0.81652,50,64.726436
0.80028,55,64.740987
0.77612,62,64.758475
0.76224,66,66.781982
0.76888,64,66.911806
0.79688,56,67.011771
0.852,40,67.027007
0.75636,68,67.075024
0.74864,70,67.15446
0.77984,61,67.161455
0.79552,56,67.189924
0.77568,62,67.196812
0.8412,43,67.217074
0.86148,37,67.335013
0.78452,60,67.430544
0.77976,61,67.45241
0.82496,48,67.491976
0.87592,33,67.562669
0.78376,60,67.5695
0.73884,73,67.69343
0.74896,70,67.700114
0.72188,78,67.735074
0.81308,51,67.805856
0.7632,66,67.89258
0.7734,63,68.331712
0.76632,65,68.339567
0.76632,65,68.339619
0.76632,65,68.339629
0.76228,66,68.344277
0.76228,66,68.344329
0.76228,66,68.344338
0.76256,66,68.344348
0.84908,41,68.634362
0.84196,43,68.648132
0.80372,54,68.735279
0.78692,59,68.762378
0.78684,59,68.770123
0.75924,67,68.806217
0.77012,64,68.80627
0.73904,73,68.868958
0.8244,48,69.010542
0.81456,51,71.227698
0.83176,46,71.228185
0.75492,68,71.24941
0.8138,51,71.256672
0.83496,45,71.322353
0.77588,62,71.37819
0.77636,62,71.378255
0.78596,59,71.547808
0.78004,61,71.670256
0.77244,63,71.685034
0.7586,67,71.742427
0.78024,61,71.764128
0.7452,71,71.764184
0.86148,37,71.815047
0.75876,67,71.865505
0.73516,74,71.915526
0.89288,28,71.943002
0.8796,32,71.994138
0.776,62,72.128495
0.74516,71,72.180205
0.75184,69,72.257571
0.79396,57,72.272121
0.7664,65,72.279773
0.80056,55,72.307773
0.81844,50,72.34894
0.84752,41,72.4185
0.74924,70,72.439298
0.83484,45,72.496115
0.85452,39,72.53082
0.83164,46,72.601526
0.80672,53,72.67741
0.78976,58,72.67747
0.82484,48,72.685019
0.804,54,72.818844
0.77424,63,72.860202
0.81064,52,72.964606
0.84456,42,72.971867
0.74204,72,74.924253
0.83164,46,74.932431
0.73564,74,74.972369
0.78988,58,75.007108
0.82128,49,75.081583
0.80416,54,75.155626
0.87596,33,75.155684
0.863,37,75.177022
0.84532,42,75.177078
0.8558,39,75.241957
0.84084,43,75.302944
0.86596,36,75.332262
0.74352,72,75.394772
0.81436,51,75.531383
0.80352,54,75.55173
0.7804,61,75.579075
0.74548,71,75.649034
0.783,60,75.656086
0.84936,41,75.675365
0.78388,60,75.713718
0.78412,60,75.742241
0.88312,31,75.763175
0.88044,32,75.799346
0.83528,45,75.840123
0.86916,35,75.889266
0.862,37,75.909511
0.8726,34,76.259747
0.8356,45,76.303831
0.8356,45,76.303895
0.8356,45,76.303906
0.828,47,76.312392
0.81448,51,76.328227
0.79764,56,76.347915
0.79764,56,76.347977
0.876,33,76.619672
0.81132,52,76.66088
0.793,57,76.770743
0.76604,65,76.831471
0.75944,67,76.845522
0.76272,66,76.879954
0.7734,63,76.893021
0.75268,69,76.936152
0.82868,47,76.990031
0.79404,57,77.019091
0.78732,59,79.177186
0.75696,68,79.185128
0.76576,65,79.230995
0.83896,44,79.256968
0.79364,57,79.318347
0.72868,76,79.339941
0.72928,76,79.353659
0.7116,81,79.419033
0.86272,37,79.500286
0.77348,63,79.604966
0.75624,68,79.632029
0.74572,71,79.706188
0.77972,61,79.724677
0.79064,58,79.740499
0.76704,65,79.779721
0.76244,66,79.887005
0.76244,66,79.976604
0.72172,78,80.1868
0.78336,60,80.199808
0.78676,59,80.230097
0.75964,67,80.237395
0.74608,71,80.244593
0.70508,83,80.252802
0.75552,68,80.412092
0.7664,65,80.478164
0.80096,55,80.605066
0.80104,55,80.621402
0.81804,50,80.635516
0.74892,70,80.760385
0.80828,53,80.785116
0.7212,78,80.800072
0.7118,81,80.828824
0.7598,67,80.942529
0.81448,51,80.962329
0.75604,68,82.989941
0.83512,45,83.060386
0.73556,74,83.060457
0.80112,55,83.089084
0.76992,64,83.123647
0.781,61,83.145631
0.80352,54,83.267139
0.73552,74,83.388924
0.77056,64,83.456247
0.76992,64,83.533905
0.76604,65,83.575568
0.78712,59,83.591488
0.76676,65,83.615997
0.73496,74,83.616062
0.82092,49,83.646873
0.84264,43,83.875394
0.7938,57,83.904292
0.85232,40,84.249503
0.84952,41,84.254545
0.83844,44,84.268586
0.83844,44,84.268644
0.83844,44,84.268654
0.82108,49,84.296722
0.82136,49,84.296784
0.8012,55,84.331043
0.85228,40,84.733895
0.81812,50,84.806712
0.82836,47,84.868255
0.80012,55,84.896437
0.78256,60,84.919575
0.75928,67,85.047157
0.76888,64,85.078029
0.75232,69,85.225637
0.82496,48,85.336628
0.78528,59,85.540994
0.77364,63,85.654682
0.78352,60,85.654731
0.78656,59,85.667038
0.80084,55,85.730692
0.79712,56,85.764643
0.7926,57,88.805497
0.75528,68,88.829993
0.8032,54,88.993837
0.76268,66,89.010055
0.78024,61,89.047561
0.77372,63,89.073522
0.7828,60,89.099343
0.77592,62,89.138763
0.85216,40,89.147499
0.73932,73,89.380106
0.79396,57,89.442398
0.77708,62,89.496224
0.82208,49,89.520159
0.79036,58,89.528181
0.76848,64,89.550763
0.78712,59,89.55864
0.78308,60,89.612897
0.83508,45,89.844512
0.78412,60,89.906016
0.73944,73,89.94557
0.80348,54,89.969506
0.78368,60,89.993153
0.815,51,90.012538
0.758,67,90.044515
0.75308,69,90.098531
0.92504,19,90.144503
0.84896,41,90.225715
0.81804,50,90.234092
0.82136,49,90.32279
0.886,30,90.368278
0.7788,61,90.472345
0.7566,68,90.486946
0.85984,38,90.509895
0.79344,57,90.525371
0.76948,64,90.525422
0.842,43,90.557164
0.90764,24,92.715067
0.77012,64,92.831041
0.77684,62,92.861179
0.83748,44,92.913849
0.7866,59,92.96343
0.77704,62,93.027155
0.77712,62,93.027212
0.85176,40,93.027228
0.74624,71,93.043005
0.89028,29,93.059691
0.84884,41,93.233475
0.88372,31,93.263705
0.89,29,93.278677
0.83824,44,93.358715
0.73588,74,93.431779
0.746,71,93.516825
0.76648,65,93.533551
0.76972,64,93.541148
0.85156,40,93.584374
0.82784,47,93.664092
0.92132,20,93.985664
0.90368,25,94.012496
0.84824,41,94.087585
0.90368,25,94.105032
0.83548,45,94.105086
0.81784,50,94.127278
0.81784,50,94.127338
0.81784,50,94.127352
0.87988,32,94.288697
0.7876,59,94.304596
0.9422,14,94.304666
0.84188,43,94.536637
0.84492,42,94.568746
0.82052,49,94.618945
0.83772,44,94.649423
0.77728,62,94.64948
0.80352,54,94.658258
0.78652,59,94.765347
0.76,67,94.816285
0.8112,52,94.934435
0.7976,56,94.993275
0.79484,57,95.051706
0.80368,54,95.058622
0.77296,63,95.126737
0.77036,64,95.141748
0.80684,53,95.166884
0.80388,54,95.219155
0.8074,53,97.395662
0.8,55,97.462129
0.80008,55,97.521968
0.79648,56,97.537971
0.80088,55,97.636763
0.79984,55,97.68519
0.8416,43,97.705171
0.73872,73,97.741776
0.72924,76,97.748974
0.82516,48,97.879637
0.80352,54,97.935815
0.76624,65,97.942357
0.8326,46,98.040918
0.77616,62,98.084131
0.75644,68,98.176915
0.77288,63,98.197886
0.76928,64,98.213537
0.83768,44,98.256255
0.78264,60,98.304064
0.78076,61,98.366509
0.8666,36,98.427719
0.78632,59,98.457094
0.78288,60,98.506995
0.8526,40,98.53419
0.8002,55,98.582421
0.7996,55,98.596938
0.82476,48,98.643963
0.80064,55,98.855282
0.75876,67,98.878322
0.797,56,98.893014
0.78612,59,98.961423
0.78656,59,98.991128
0.80752,53,98.9993
0.81056,52,99.052599
0.75288,69,99.137908
0.81368,51,101.354348
0.78968,58,101.384664
0.83496,45,101.429194
0.85896,38,101.436576
0.78248,60,101.43663
0.80052,55,101.471616
0.77924,61,101.552076
0.76928,64,101.699072
0.81792,50,101.714503
0.842,43,101.743561
0.83532,45,101.75029
0.7936,57,101.797867
0.78348,60,101.862966
0.82424,48,101.888383
0.74224,72,101.974732
0.86532,36,101.988318
0.86556,36,101.994685
0.8244,48,102.027806
0.8064,53,102.077982
0.8766,33,102.432475
0.8728,34,102.436788
0.8728,34,102.436849
0.85544,39,102.456973
0.79428,57,102.531071
0.79428,57,102.531125
0.79416,57,102.531136
0.79428,57,102.531145
0.86196,37,102.623742
0.84892,41,102.654184
0.79036,58,102.766534
0.77276,63,102.83588
0.84524,42,102.939812
0.7724,63,102.959579
0.75828,67,102.985726
0.7552,68,102.995512
0.79076,58,103.018878
0.73444,74,103.036925
0.81376,51,103.117193
0.82752,47,103.31469
0.73556,74,103.342744
0.79732,56,103.395569
0.75292,69,103.409842
0.77032,64,103.467544
0.72228,78,103.488748
0.72544,77,103.507635
0.74212,72,105.664954
0.77624,62,105.814337
0.84184,43,105.846921
0.7638,66,105.878194
0.81468,51,105.935765
0.75888,67,105.952598
0.76628,65,105.9527
0.78676,59,106.020073
0.79044,58,106.122442
0.84156,43,106.155587
0.74976,70,106.426456
0.7762,62,106.433685
0.732,75,106.433735
0.74892,70,106.478723
0.73876,73,106.521031
0.7422,72,106.590537
0.7448,71,106.679016
0.86656,36,106.71653
0.7422,72,106.727673
0.79716,56,106.970077
0.73248,75,107.034241
0.69836,85,107.116143
0.71864,79,107.116212
0.77664,62,107.219473
0.70172,84,107.260514
0.7558,68,107.260578
0.7354,74,107.275559
0.81108,52,107.438203
0.74268,72,107.526799
0.85584,39,107.566886
0.75276,69,109.694382
0.7522,69,109.694898
0.7586,67,109.762675
0.74932,70,109.818625
0.74316,72,109.833208
0.83196,46,110.005551
0.73584,74,110.012249
0.81832,50,110.032697
0.83904,44,110.125994
0.71196,81,110.144357
0.72828,76,110.144417
0.76676,65,110.211556
0.90124,26,110.794333
0.90124,26,110.794376
0.90124,26,110.794386
0.8494,41,110.859486
0.8494,41,110.859549
0.76624,65,110.956327
0.76624,65,110.956385
0.76648,65,110.956396
0.84192,43,110.988567
0.83828,44,110.996812
0.8694,35,111.03807
0.8142,51,111.044441
0.80348,54,111.166809
0.8702,35,111.23304
0.8808,32,111.271338
0.84592,42,111.290987
0.8154,51,111.316407
0.8318,46,111.358051
0.7498,70,111.445472
0.82844,47,111.492517
0.84528,42,111.519712
0.88976,29,111.555337
0.69556,86,111.555409
0.83124,46,111.605894
0.80732,53,111.637269
0.80712,53,111.691214
0.84924,41,111.804013
0.85512,39,111.819526
0.84924,41,111.876618
0.78004,61,111.905433
0.86644,36,111.967582
0.83092,46,111.988889
0.81732,50,111.988951
0.7908,58,111.996031
0.8946,28,112.011627
0.82816,47,114.33111
0.85572,39,114.367922
0.81784,50,114.384789
0.77624,62,114.39356
0.81812,50,114.499118
0.79444,57,114.561247
0.80036,55,114.561307
0.77972,61,114.586625
0.8462,42,114.72081
0.83152,46,114.766228
0.7936,57,114.797107
0.85556,39,114.866204
0.76988,64,114.909148
0.804,54,114.918667
0.8178,50,114.951607
0.81416,51,114.983893
0.87712,33,115.022739
0.75908,67,115.232862
0.7904,58,115.240651
0.80144,55,115.285346
0.86248,37,115.300159
0.79764,56,115.33622
0.8144,51,115.33628
0.78976,58,115.415872
0.75172,69,115.439345
0.8658,36,115.497283
0.86912,35,115.555576
0.83148,46,115.67284
0.76612,65,115.7142
0.78324,60,115.722046
0.81148,52,115.798099
0.76696,65,115.812244
0.87028,35,115.932414
0.75272,69,115.947058
0.76936,64,115.968303
0.77628,62,116.013444
0.86328,37,116.068676
0.85948,38,116.092443
0.81424,51,116.101584
0.80716,53,116.110047
0.8598,38,118.343584
0.83528,45,118.383778
0.81392,51,118.471515
0.81092,52,118.524555
0.78076,61,118.688337
0.76004,67,118.727439
0.831,46,118.736376
0.7428,72,118.759238
0.73272,75,118.759307
0.81484,51,118.917442
0.72572,77,118.942124
0.87676,33,119.28521
0.80404,54,119.382436
0.79788,56,119.392001
0.787,59,119.404827
0.787,59,119.404881
0.787,59,119.404892
0.69844,85,119.520395
0.69844,85,119.52045
0.82468,48,119.677938
0.74328,72,119.686875
0.79032,58,119.74225
0.77376,63,119.821987
0.7562,68,119.860135
0.72912,76,119.924666
0.81148,52,119.941126
0.80456,54,119.957366
0.80492,54,120.154961
0.777,62,120.162362
0.81404,51,120.249163
0.78632,59,120.272005
0.71176,81,120.303454
0.80796,53,120.327831
0.7732,63,120.421302
0.86304,37,120.446205
0.75244,69,120.487331
0.78024,61,120.644221
0.79396,57,120.75166
0.75972,67,120.774279
0.76712,65,120.837504
0.70556,83,123.310862
0.75668,68,123.342514
0.75652,68,123.403494
0.8222,49,123.410449
0.85632,39,123.462186
0.70412,83,123.478146
0.8008,55,123.558408
0.83228,46,123.575721
0.86284,37,123.742411
0.79424,57,123.742469
0.78352,60,123.800805
0.7868,59,123.858004
0.80764,53,123.888613
0.75696,68,123.9358
0.81776,50,123.967416
0.77036,64,124.055985
0.84192,43,124.079491
0.79356,57,124.190027
0.8008,55,124.327102
0.76024,67,124.335467
0.89724,27,124.412619
0.7934,57,124.426407
0.7358,74,124.457077
0.8036,54,124.501854
0.80756,53,124.516913
0.73972,73,124.523845
0.85256,40,124.736223
0.82764,47,124.783863
0.85912,38,124.809326
0.77028,64,124.833325
0.81836,50,124.841275
0.76316,66,124.856762
0.92116,20,124.898522
0.8214,49,124.907349
0.89016,29,125.051295
0.73612,74,125.103618
0.846,42,125.146431
0.86232,37,125.155446
0.83564,45,125.22904
0.84884,41,125.261495
0.82188,49,127.29108
0.7762,62,127.428236
0.82904,47,127.487785
0.80764,53,127.497348
0.7936,57,127.601934
0.78316,60,127.695668
0.79008,58,127.731354
0.78332,60,127.731411
0.7358,74,127.739258
0.84552,42,127.746639
0.85928,38,127.779132
0.91112,23,128.157494
0.91112,23,128.157544
0.91112,23,128.157554
0.90088,26,128.17022
0.88024,32,128.195607
0.91112,23,128.269907
0.76284,66,128.340287
0.82496,48,128.362872
0.82496,48,128.362923
0.82496,48,128.362933
0.72932,76,128.386441
0.72932,76,128.386498
0.82144,49,128.567221
0.75884,67,128.57594
0.84208,43,128.69612
0.84188,43,128.696175
0.85584,39,128.705228
0.832,46,128.721465
0.83868,44,128.74541
0.77404,63,128.813716
0.87272,34,128.843171
0.804,54,128.989534
0.90056,26,129.03996
0.83812,44,129.040008
0.81476,51,129.109037
0.85616,39,129.109091
0.79716,56,129.123722
0.8036,54,129.152005
0.77612,62,129.167579
0.83844,44,129.386299
0.79688,56,129.428705
0.83152,46,129.524304
0.80708,53,129.532523
0.75904,67,129.569247
0.7464,71,129.680435
0.73244,75,129.728997
0.73964,73,129.760984
0.81332,51,129.801123
0.84564,42,131.892937
0.85588,39,131.906031
0.88024,32,132.012748
0.85588,39,132.032495
0.8352,45,132.032547
0.76924,64,132.032558
0.88296,31,132.039566
0.71548,80,132.059291
0.81436,51,132.253481
0.86236,37,132.288374
0.8592,38,132.295202
0.8588,38,132.295272
0.77732,62,132.314385
0.82792,47,132.334558
0.83528,45,132.348791
0.82824,47,132.383023
0.85612,39,132.545767
0.84204,43,132.567062
0.82452,48,132.608044
0.83108,46,132.615974
0.84172,43,132.616031
0.8452,42,132.660526
0.79748,56,132.721551
0.72184,78,132.776288
0.8212,49,132.887401
0.77536,62,132.997631
0.80004,55,132.997692
0.79724,56,133.005383
0.78604,59,133.019068
0.80328,54,133.03313
0.7974,56,133.108092
0.81068,52,133.136823
0.86236,37,133.25659
0.86568,36,133.271008
0.84844,41,133.283462
0.78028,61,133.310616
0.80324,54,133.400386
0.78704,59,133.406583
0.83192,46,133.420636
0.79668,56,133.516438
0.83864,44,133.551995
0.82844,47,133.591154
0.84888,41,133.591261
0.8318,46,135.860702
0.8344,45,136.003096
0.87312,34,136.05075
0.81812,50,136.067247
0.82168,49,136.212691
0.81448,51,136.273936
0.7222,78,136.281434
0.86676,36,136.297249
0.78024,61,136.352224
0.7772,62,136.366533
0.8728,34,136.735814
0.86996,35,136.740928
0.84908,41,136.768501
0.84908,41,136.768556
0.8492,41,136.768567
0.8492,41,136.768576
0.84908,41,136.768584
0.77736,62,136.870782
0.85932,38,136.957135
0.8446,42,136.994546
0.85588,39,137.018205
0.84208,43,137.050076
0.81808,50,137.104971
0.81796,50,137.105027
0.81508,51,137.113626
0.86644,36,137.161707
0.85504,39,137.329971
0.8354,45,137.355735
0.787,59,137.428198
0.84536,42,137.4446
0.79596,56,137.49933
0.81776,50,137.518257
0.83156,46,137.534462
0.79956,55,137.551229
0.80448,54,137.793858
0.81148,52,137.802881
0.82876,47,137.854975
0.8254,48,137.938851
0.81508,51,137.950717
0.81316,51,137.986447
0.76288,66,138.011614
0.76612,65,138.153955
0.84564,42,138.196245
0.85224,40,138.229768
0.81836,50,138.253995
0.8356,45,138.401157
0.82484,48,138.418794
0.83896,44,138.459103
0.81136,52,138.51864
0.84936,41,138.564979
0.83208,46,140.906158
0.84212,43,140.939636
0.81384,51,140.978221
0.84164,43,141.065585
0.811,52,141.166668
0.79352,57,141.166739
0.8934,28,141.216936
0.82452,48,141.225287
0.80068,55,141.239899
0.83152,46,141.285047
0.83184,46,141.316231
0.87264,34,141.340979
0.8388,44,141.510266
0.83092,46,141.528397
0.85552,39,141.545568
0.84232,43,141.561213
0.84884,41,141.637407
0.83432,45,141.637459
0.79656,56,141.65291
0.7928,57,141.782788
0.8628,37,141.831728
0.832,46,141.888117
0.8732,34,141.903503
0.81088,52,141.91915
0.82116,49,141.94398
0.83872,44,141.984957
0.80172,55,142.088741
0.85976,38,142.135409
0.80812,53,142.209703
0.88304,31,142.233874
0.83216,46,142.26061
0.83112,46,142.276958
0.8244,48,142.332783
0.8006,55,142.367145
0.85264,40,142.417873
0.89308,28,142.56551
0.8424,43,142.56556
0.8076,53,142.574808
0.85888,38,142.678257
0.81176,52,142.703037
0.80396,54,142.703091
0.78672,59,142.719591
0.84516,42,142.911067
0.77604,62,144.954825
0.8384,44,144.963531
0.8312,46,144.971683
0.85616,39,145.040786
0.8416,43,145.047843
0.8392,44,145.077041
0.80424,54,145.17172
0.87656,33,145.322407
0.9174,21,145.58771
0.89404,28,145.61466
0.89404,28,145.61472
0.85952,38,145.650558
0.85952,38,145.650607
0.84916,41,145.660724
0.81368,51,145.698384
0.79384,57,145.7219
0.8696,35,145.880542
0.84892,41,145.927963
0.82448,48,145.928022
0.8832,31,145.928032
0.86528,36,145.96751
0.85284,40,146.022783
0.85592,39,146.128584
0.89432,28,146.13666
0.8596,38,146.165314
0.80744,53,146.186146
0.82472,48,146.283886
0.83488,45,146.298409
0.8044,54,146.331365
0.82736,47,146.369154
0.85884,38,146.415931
0.84908,41,146.501526
0.88664,30,146.528003
0.86288,37,146.561829
0.804,54,146.567935
0.78044,61,146.587073
0.891,29,146.620006
0.81472,51,146.692824
0.80752,53,146.742034
0.84504,42,146.779394
0.8658,36,146.800377
0.84552,42,146.806416
0.89396,28,146.931514
0.91508,22,146.955784
0.89772,27,146.972741
0.7946,57,146.981518
0.80804,53,146.990827
0.76044,67,147.037042
0.8168,50,147.051901
0.85264,40,147.094838
0.83484,45,147.248148
0.83156,46,147.308007
0.84872,41,149.362929
0.81136,52,149.370231
0.83172,46,149.411925
0.79064,58,149.424857
0.75256,69,149.517763
0.87344,34,149.539487
0.78692,59,149.555224
0.83812,44,149.68708
0.8204,49,149.709554
0.82176,49,149.776409
0.77024,64,149.843069
0.73684,74,149.970615
0.77968,61,149.970676
0.77336,63,150.009914
0.77368,63,150.022587
0.82804,47,150.109309
0.78444,60,150.116391
0.7642,66,150.179999
0.81428,51,150.201608
0.85904,38,150.235898
0.9152,22,150.263276
0.88712,30,150.329123
0.83164,46,150.342766
0.80408,54,150.351146
0.78044,61,150.437744
0.8492,41,150.475081
0.8444,42,150.540965
0.82744,47,150.541019
0.88588,30,150.549543
0.79372,57,150.680445
0.81364,51,150.71635
0.8654,36,150.736774
0.83524,45,150.768036
0.76696,65,150.824694
0.79796,56,150.951175
0.77812,62,150.984564
0.77428,63,150.990909
0.83764,44,151.070178
0.85272,40,151.096605
0.79488,57,151.110838
0.78416,60,151.160732
0.73244,75,153.145077
0.8426,43,153.190435
0.8524,40,153.213373
0.84908,41,153.213437
0.88356,31,153.276949
0.8686,35,153.2915
0.86604,36,153.721406
0.85976,38,153.729554
0.84848,41,153.74105
0.843,43,153.748735
0.843,43,153.748794
0.843,43,153.748805
0.82156,49,153.776567
0.8144,51,153.785801
0.82476,48,154.01805
0.83108,46,154.018113
0.82472,48,154.102378
0.80432,54,154.102438
0.79744,56,154.11726
0.79352,57,154.123523
0.78772,59,154.123579
0.79044,58,154.181881
0.86272,37,154.364579
0.80496,54,154.377399
0.84888,41,154.377455
0.83864,44,154.417479
0.82864,47,154.437277
0.79112,58,154.485458
0.7398,73,154.49894
0.8076,53,154.531505
0.87224,34,154.633772
0.81564,51,154.689938
0.8216,49,154.690008
0.82168,49,154.751465
0.777,62,154.777472
0.79028,58,154.88339
0.7976,56,154.907073
0.80168,55,155.013346
0.71868,79,155.026348
0.81396,51,155.057323
0.74668,71,155.199711
0.77372,63,155.205879
0.81844,50,155.247204
0.81816,50,157.225356
0.7294,76,157.283636
0.82504,48,157.32625
0.81464,51,157.342097
0.83872,44,157.470011
0.76296,66,157.485702
0.84896,41,157.498986
0.8246,48,157.507055
0.79396,57,157.632592
0.82172,49,157.632666
0.83128,46,157.667056
0.80404,54,157.709582
0.80804,53,157.837137
0.8868,30,157.837212
0.7936,57,157.889806
0.78692,59,157.909085
0.7426,72,157.971783
0.8144,51,158.005974
0.7942,57,158.012984
0.8282,47,158.019358
0.84196,43,158.179567
0.80372,54,158.200457
0.82456,48,158.233792
0.85972,38,158.23385
0.84228,43,158.310483
0.83852,44,158.324879
0.73944,73,158.33681
0.92108,20,158.462346
0.74264,72,158.500225
0.83516,45,158.507465
0.7944,57,158.616096
0.79032,58,158.622192
0.81428,51,158.65168
0.8152,51,158.672881
0.73288,75,158.685767
0.85564,39,158.763
0.91104,23,158.776776
0.8352,45,158.795848
0.9008,26,158.822439
0.82828,47,158.922291
0.73928,73,158.936746
0.83164,46,160.96755
0.781,61,161.087995
0.91132,23,161.130053
0.92852,18,161.438845
0.91788,21,161.451947
0.88716,30,161.490609
0.85608,39,161.527034
0.84904,41,161.535159
0.8702,35,161.586084
0.7984,56,161.59887
0.7984,56,161.598935
0.7984,56,161.598946
0.92852,18,161.610756
0.88376,31,161.796405
0.79076,58,161.824317
0.73996,73,161.86414
0.80772,53,161.864187
0.85596,39,161.871123
0.84568,42,161.895197
0.82848,47,161.930187
0.82176,49,161.951603
0.91132,23,162.036497
0.9216,20,162.036588
0.90084,26,162.107622
0.8696,35,162.10769
0.8116,52,162.153199
0.80448,54,162.194185
0.81516,51,162.218346
0.85272,40,162.225419
0.85256,40,162.318054
0.84244,43,162.341429
0.83916,44,162.426997
0.78504,60,162.543114
0.80088,55,162.557301
0.83184,46,162.557364
0.87344,34,162.563608
0.80784,53,162.583268
0.81488,51,162.596411
0.8456,42,162.635789
0.84916,41,162.713459
0.90772,24,162.722037
0.85872,38,162.822236
0.86212,37,162.84501
0.8108,52,162.955914
0.78748,59,162.969114
0.7738,63,162.975677
0.85972,38,162.982911
0.80472,54,163.008826
0.8634,37,163.068721
0.78052,61,163.125638
0.80456,54,165.220637
0.86328,37,165.247422
0.83452,45,165.275158
0.83868,44,165.288997
0.81852,50,165.359706
0.79064,58,165.373295
0.91124,23,165.437478
0.7772,62,165.498593
0.86248,37,165.519932
0.79348,57,165.526291
0.82832,47,165.534274
0.82896,47,165.562947
0.86576,36,165.604852
0.82708,47,165.696253
0.84596,42,165.730311
0.88308,31,165.743736
0.825,48,165.854042
0.8624,37,165.862192
0.8036,54,165.874937
0.82292,49,165.874996
0.87944,32,165.915269
0.79368,57,165.952683
0.87364,34,165.958589
0.82432,48,166.060634
0.85212,40,166.142456
0.82496,48,166.185298
0.81816,50,166.213592
0.80408,54,166.2216
0.8484,41,166.237797
0.829,47,166.280091
0.78716,59,166.30886
0.82136,49,166.395718
0.853,40,166.409872
0.86928,35,166.463228
0.84152,43,166.495363
0.84648,42,166.495416
0.76284,66,166.627985
0.79736,56,166.657717
0.83868,44,166.718049
0.87264,34,166.741674
0.77256,63,166.74909
0.8634,37,166.764892
0.84296,43,166.772371
0.79704,56,166.796679
0.8974,27,166.925208
0.82876,47,169.024165
0.88092,32,169.024228
0.82412,48,169.064509
0.91824,21,169.435621
0.91824,21,169.435677
0.88072,32,169.481972
0.859,38,169.509975
0.859,38,169.510025
0.85628,39,169.514667
0.84632,42,169.526706
0.82932,47,169.545998
0.8498,41,169.656355
0.84284,43,169.670915
0.8774,33,169.721819
0.8418,43,169.75093
0.8602,38,169.757008
0.84852,41,169.809107
0.80768,53,169.926888
0.84284,43,169.965302
0.86964,35,170.021913
0.74628,71,170.021972
0.82876,47,170.032179
0.83848,44,170.104688
0.86336,37,170.104739
0.81812,50,170.112502
0.85912,38,170.241964
0.89404,28,170.330272
0.8868,30,170.337981
0.83948,44,170.368952
0.82124,49,170.407452
0.84884,41,170.423792
0.78052,61,170.461529
0.79464,57,170.475486
0.84516,42,170.561513
0.89396,28,170.610799
0.86016,38,170.617333
0.84628,42,170.638613
0.87644,33,170.664798
0.84592,42,170.680499
0.82508,48,170.822668
0.85672,39,170.847202
0.80056,55,170.863291
0.83544,45,170.948838
0.85664,39,170.948887
0.846,42,170.948897
0.90024,26,171.016818
0.8002,55,171.016868
0.9146,22,171.024753
0.76692,65,171.155507
0.86692,36,171.213253
0.8106,52,171.227705
0.79096,58,173.344024
0.76664,65,173.394312
0.79448,57,173.400548
0.7866,59,173.41415
0.78296,60,173.430097
0.8766,33,173.436607
0.81788,50,173.487468
0.88376,31,173.618909
0.7772,62,173.625355
0.90764,24,173.652247
0.86372,37,173.696695
0.80788,53,173.717399
0.8356,45,173.731159
0.82492,48,173.731218
0.8014,55,173.81911
0.90776,24,173.886461
0.85948,38,173.893339
0.85676,39,173.893397
0.90788,24,173.901863
0.89812,27,173.923963
0.8182,50,174.048846
0.86652,36,174.068853
0.78296,60,174.076196
0.90068,26,174.076256
0.87076,35,174.172071
0.8452,42,174.196245
0.78992,58,174.360138
0.79676,56,174.360273
0.90792,24,174.503948
0.8324,46,174.556522
0.82904,47,174.576083
0.83872,44,174.674681
0.77032,64,174.699468
0.76556,65,174.740512
0.84616,42,174.792766
0.88408,31,174.825738
0.82876,47,174.825796
0.86604,36,174.849472
0.81784,50,174.903472
0.86304,37,174.933662
0.91436,22,174.993845
0.87716,33,175.010837
0.82852,47,175.018016
0.83592,45,175.036809
0.85644,39,175.082391
0.85624,39,175.082442
0.90428,25,175.183503
0.82836,47,175.248657
0.86984,35,175.279265
0.80096,55,175.279318
0.85676,39,175.279328
0.82516,48,177.314373
0.8942,28,177.634313
0.8942,28,177.634367
0.8908,29,177.639192
0.8908,29,177.639244
0.8456,42,177.693041
0.8456,42,177.693108
0.84264,43,177.696904
0.84564,42,177.816109
0.8942,28,177.816161
0.8942,28,177.816171
0.84564,42,177.816177
0.89432,28,177.82069
0.74356,72,177.825184
0.73656,74,178.041492
0.7264,77,178.064213
0.86032,38,178.086897
0.83164,46,178.133291
0.83188,46,178.133345
0.8248,48,178.162296
0.81476,51,178.168498
0.81128,52,178.176033
0.86272,37,178.33902
0.87012,35,178.403654
0.8704,35,178.410059
0.85176,40,178.431303
0.82448,48,178.46337
0.81108,52,178.495203
0.756,68,178.514713
0.76384,66,178.522022
0.88016,32,178.567387
0.88064,32,178.659644
0.87368,34,178.726237
0.8526,40,178.741629
0.84544,42,178.804875
0.83588,45,178.830578
0.825,48,178.890266
0.74976,70,178.896602
0.73964,73,178.911899
0.85616,39,178.925803
0.884,31,179.016864
0.87,35,179.07352
0.76076,67,179.209585
0.74328,72,179.232456
0.80816,53,179.266672
0.83896,44,179.327921
0.86668,36,179.327975
0.7794,61,179.327985
0.77644,62,179.349952
0.78012,61,179.356119
0.86604,36,181.742994
0.79652,56,181.74351
0.85584,39,181.743532
0.80748,53,181.778216
0.85212,40,181.778275
0.77056,64,181.818259
0.81772,50,181.818325
0.80456,54,181.84843
0.88752,30,181.945114
0.87344,34,181.970697
0.88736,30,181.978615
0.86588,36,182.061683
0.8146,51,182.087978
0.8354,45,182.121641
0.82492,48,182.169376
0.77688,62,182.19572
0.84928,41,182.221244
0.84832,41,182.256027
0.83896,44,182.269806
0.88388,31,182.269861
0.884,31,182.296073
0.89792,27,182.302143
0.89788,27,182.347687
0.86576,36,182.506112
0.85964,38,182.542134
0.801,55,182.557072
0.87296,34,182.57111
0.8286,47,182.607816
0.78356,60,182.615823
0.78328,60,182.664767
0.73,76,182.752478
0.84156,43,182.842184
0.8284,47,182.855497
0.90396,25,182.920651
0.78668,59,183.005245
0.73036,76,183.012808
0.78336,60,183.019068
0.80404,54,183.025437
0.87712,33,183.067158
0.73364,75,183.075984
0.82112,49,183.18844
0.88336,31,183.219376
0.87732,33,183.23689
0.88656,30,183.268393
0.85976,38,183.276005
0.80416,54,183.282116
0.87252,34,183.290575
0.89428,28,183.369107
0.9152,22,183.786745
0.84556,42,183.885458
0.82496,48,183.914889
0.82496,48,183.914947
0.88664,30,183.933054
0.7982,56,183.952437
0.9152,22,183.985292
0.7406,73,184.028308
0.7406,73,184.02836
0.7406,73,184.028371
0.84628,42,186.106225
0.85936,38,186.132691
0.87656,33,186.153369
0.86932,35,186.224571
0.86916,35,186.224621
0.86572,36,186.231953
0.74984,70,186.292717
0.86968,35,186.35894
0.71636,80,186.378463
0.82476,48,186.416162
0.88016,32,186.492405
0.83516,45,186.517265
0.88328,31,186.56131
0.80084,55,186.581741
0.79772,56,186.58887
0.87616,33,186.59506
0.86688,36,186.651228
0.72356,78,186.658476
0.91424,22,186.704038
0.84248,43,186.778884
0.90396,25,186.824701
0.853,40,186.84979
0.81488,51,186.85636
0.91124,23,186.856412
0.82864,47,186.889163
0.85532,39,186.90781
0.8114,52,186.932795
0.86564,36,187.009366
0.908,24,187.009426
0.91752,21,187.041199
0.90052,26,187.180193
0.8492,41,187.199357
0.77708,62,187.224572
0.79112,58,187.231206
0.89056,29,187.231261
0.77408,63,187.255855
0.8462,42,187.282475
0.90796,24,187.343662
0.72308,78,187.424603
0.86984,35,187.499591
0.91476,22,187.51999
0.85604,39,187.527545
0.82552,48,187.555331
0.8256,48,187.581996
0.8388,44,187.588854
0.81112,52,187.673216
0.85596,39,187.700891
0.87748,33,187.730421
0.88016,32,189.812907
0.8566,39,189.826394
0.9316,17,189.82645
0.84928,41,189.846721
0.83208,46,189.942872
0.80152,55,190.007152
0.83552,45,190.066115
0.87968,32,190.088403
0.8594,38,190.110878
0.81384,51,190.141161
0.81812,50,190.192392
0.82464,48,190.192467
0.92096,20,190.24961
0.94212,14,190.257794
0.88036,32,190.265146
0.94868,12,190.286608
0.84124,43,190.286688
0.8836,31,190.352028
0.85508,39,190.368536
0.9112,23,190.420553
0.92796,18,190.420605
0.85504,39,190.492786
0.92448,19,190.515687
0.85612,39,190.55543
0.92128,20,190.5792
0.87416,34,190.616423
0.89052,29,190.645028
0.81148,52,190.662026
0.81788,50,190.669819
0.9044,25,190.709753
0.89316,28,190.709807
0.88672,30,190.789746
0.92532,19,190.857636
0.8632,37,190.865601
0.9078,24,190.89504
0.87368,34,190.910355
0.86196,37,190.945702
0.84548,42,190.990896
0.819,50,190.998845
0.87724,33,191.035009
0.9042,25,191.078345
0.86316,37,191.128933
0.85656,39,191.194447
0.86244,37,191.216202
0.80392,54,191.257914
0.85272,40,191.287885
0.84624,42,191.296415
0.86316,37,191.349916
0.92476,19,191.401061
0.89416,28,191.420383
0.78812,59,191.459321
0.79712,56,191.526039
0.82076,49,191.541319
0.925,19,191.547785
0.9454,13,191.79526
0.87632,33,191.873409
0.87064,35,191.881742
0.86304,37,191.890074
0.86304,37,191.890131
0.84244,43,191.913896
0.86304,37,191.940714
0.81736,50,191.940774
0.78716,59,191.973492
0.9488,12,191.999731
0.89364,28,192.02193
0.87736,33,192.029819
0.873,34,192.061605
0.897,27,192.098966
0.84984,41,194.048829
0.80084,55,194.088325
0.873,34,194.109122
0.88432,31,194.130456
0.8458,42,194.183506
0.87396,34,194.19009
0.88108,32,194.217098
0.7882,59,194.321014
0.86956,35,194.321067
0.85896,38,194.364721
0.86608,36,194.423432
0.79036,58,194.437135
0.8122,52,194.47809
0.8126,52,194.536491
0.84556,42,194.601832
0.84168,43,194.608611
0.78812,59,194.608676
0.88428,31,194.627306
0.88672,30,194.634396
0.82896,47,194.677144
0.87696,33,194.754524
0.82144,49,194.803731
0.8598,38,194.857949
0.84248,43,194.896707
0.84868,41,194.91168
0.83972,44,194.924374
0.81524,51,194.947844
0.8216,49,195.002765
0.86028,38,195.053958
0.83544,45,195.054021
0.88396,31,195.148335
0.85676,39,195.148399
0.86624,36,195.155568
0.84576,42,195.180097
0.78364,60,195.243454
0.86024,38,195.397129
0.77664,62,195.397198
0.78348,60,195.435566
0.83568,45,195.465233
0.7628,66,195.472013
0.85568,39,195.491296
0.77304,63,195.550621
0.76648,65,195.563033
0.88684,30,195.67305
0.8626,37,195.68042
0.82096,49,197.651959
0.85224,40,197.693328
0.76288,66,197.770118
0.84856,41,197.776263
0.79736,56,197.77632
0.82452,48,197.81393
0.86264,37,197.864348
0.87968,32,197.879959
0.85908,38,197.880014
0.84576,42,197.992529
0.866,36,198.028554
0.88328,31,198.035884
0.91464,22,198.035942
0.84516,42,198.076934
0.88044,32,198.090739
0.83156,46,198.10255
0.90756,24,198.199968
0.82212,49,198.21887
0.8596,38,198.252907
0.84524,42,198.321947
0.86312,37,198.334852
0.86624,36,198.358246
0.8562,39,198.366011
0.82132,49,198.381925
0.85952,38,198.486014
0.92136,20,198.5183
0.85644,39,198.518355
0.86684,36,198.609253
0.88704,30,198.609332
0.79392,57,198.68051
0.88748,30,198.699106
0.81156,52,198.705677
0.80788,53,198.75368
0.86976,35,198.760713
0.867,36,198.856582
0.81808,50,198.86488
0.88784,30,198.911007
0.84568,42,198.960089
0.85676,39,198.960144
0.8838,31,198.968772
0.80084,55,198.983627
0.91112,23,199.016347
0.85216,40,199.028514
0.90756,24,199.131464
0.89364,28,199.159772
0.84176,43,199.159832
0.90736,24,199.182052
0.9006,26,199.210246
0.93184,17,199.473217
0.91436,22,199.49448
0.90428,25,199.507252
0.86028,38,199.562802
0.85644,39,199.567391
0.85644,39,199.567444
0.85656,39,199.567456
0.93184,17,199.567464
0.84188,43,199.583801
0.91424,22,199.727061
0.87684,33,199.750315
0.90064,26,199.853663
0.90044,26,199.882709
0.8804,32,199.894613
0.90428,25,199.923443
0.8568,39,201.899389
0.85176,40,201.899448
0.86704,36,201.936143
0.8318,46,201.95074
0.89024,29,202.039181
0.87048,35,202.053849
0.881,32,202.075159
0.88084,32,202.100632
0.90076,26,202.127617
0.85196,40,202.174845
0.86772,36,202.18254
0.911,23,202.210212
0.92148,20,202.210272
0.82244,49,202.236546
0.88352,31,202.250471
0.90072,26,202.279916
0.86708,36,202.374005
0.90044,26,202.38812
0.88996,29,202.407684
0.86264,37,202.433053
0.89708,27,202.433117
0.85328,40,202.447347
0.8796,32,202.495246
0.84172,43,202.531079
0.88004,32,202.592605
0.87048,35,202.627622
0.87736,33,202.634062
0.84972,41,202.719455
0.92468,19,202.726254
0.88408,31,202.745984
0.81896,50,202.781886
0.8496,41,202.78194
0.81784,50,202.797435
0.87688,33,202.862867
0.86992,35,202.869038
0.9042,25,202.888413
0.88428,31,202.933644
0.86696,36,202.982485
0.88048,32,203.003811
0.91084,23,203.034749
0.85664,39,203.034813
0.88288,31,203.058661
0.828,47,203.085598
0.92852,18,203.097828
0.86228,37,203.105988
0.891,29,203.189647
0.83988,44,203.216798
0.86352,37,203.274388
0.87376,34,203.321965
0.85968,38,203.334713
0.90788,24,203.348822
0.82452,48,203.348888
0.80848,53,203.407201
0.80496,54,203.461539
0.86632,36,203.512379
0.82784,47,203.526869
0.8668,36,203.57218
0.85948,38,203.572235
0.85276,40,205.494711
0.82212,49,205.55492
0.82756,47,205.601129
0.90784,24,205.615066
0.90372,25,205.621955
0.845,42,205.675612
0.81388,51,205.681949
0.88032,32,205.709366
0.83564,45,205.709423
0.84852,41,205.830088
0.8702,35,205.836584
0.84996,41,205.89443
0.85976,38,205.934276
0.82164,49,205.941052
0.85512,39,205.970515
0.84188,43,205.998065
0.81924,50,206.00982
0.87008,35,206.063488
0.8976,27,206.078756
0.86032,38,206.091148
0.89768,27,206.117407
0.85972,38,206.201615
0.86688,36,206.215501
0.92836,18,206.241771
0.86324,37,206.247871
0.9008,26,206.27009
0.86012,38,206.32126
0.82128,49,206.340615
0.8934,28,206.386564
0.89404,28,206.401281
0.8666,36,206.478616
0.77392,63,206.497805
0.89724,27,206.497866
0.857,39,206.504597
0.84284,43,206.551549
0.8492,41,206.612025
0.9146,22,206.653126
0.85304,40,206.653177
0.87016,35,206.73377
0.84928,41,206.753138
0.87364,34,206.780383
0.88428,31,206.824697
0.89772,27,206.838747
0.808,53,206.861969
0.74984,70,206.877481
0.91416,22,206.915588
0.908,24,207.161389
0.89116,29,207.178693
0.8804,32,207.189878
0.88028,32,207.18993
0.86672,36,207.204741
0.85976,38,207.211918
0.85288,40,207.220564
0.83236,46,207.242753
0.88004,32,207.368792
0.86948,35,207.368846
0.89768,27,207.374958
0.88716,30,207.381298
0.89796,27,207.389035
0.9078,24,207.40956
0.83944,44,207.450853
0.76708,65,207.532882
0.91148,23,209.620996
0.87356,34,209.663574
0.87372,34,209.66364
0.86304,37,209.674832
0.86,38,209.679214
0.83244,46,209.709286
0.80136,55,209.74193
0.898,27,209.768335
0.91148,23,209.768389
0.75328,69,209.801357
0.87372,34,209.810387
0.87356,34,209.846071
0.80136,55,209.879357
0.75328,69,209.890217
0.86336,37,209.890259
0.86304,37,209.913666
0.898,27,209.948585
0.92456,19,209.96532
0.83244,46,209.982504
