#{"t_start": 1700321741.719446, "env_id": "None"}
r,l,t
0.84868,39,0.522018
0.84868,39,0.522079
0.84868,39,0.522091
0.84868,39,0.522098
0.84868,39,0.522104
0.84868,39,0.522109
0.84868,39,0.522115
0.84868,39,0.52212
0.8098,50,0.695323
0.8098,50,0.69539
0.8098,50,0.6954
0.8098,50,0.695406
0.8098,50,0.695412
0.8098,50,0.695417
0.8098,50,0.695422
0.8098,50,0.695427
0.86692,34,0.792863
0.86692,34,0.79292
0.86692,34,0.792929
0.86692,34,0.792936
0.86692,34,0.792944
0.86692,34,0.79295
0.86692,34,0.792955
0.86692,34,0.79296
0.79836,53,0.948512
0.79836,53,0.948568
0.79836,53,0.948577
0.79836,53,0.948587
0.79836,53,0.948592
0.79836,53,0.948598
0.79836,53,0.948603
0.79836,53,0.948608
0.83404,43,1.61349
0.82688,45,1.621531
0.8234,46,1.626228
0.81308,49,1.642059
0.78036,58,1.677238
0.78052,58,1.677297
0.762,63,1.697162
0.74076,69,1.718953
0.80572,51,1.79888
0.80928,50,1.802419
0.7874,56,1.827964
0.791,55,1.835798
0.8386,42,1.840752
0.80928,50,1.848976
0.81724,48,1.876833
0.7372,70,1.91284
0.78472,57,1.988615
0.78804,56,2.02168
0.77588,59,2.021737
0.7226,74,2.055888
0.74968,67,2.063355
0.76304,63,2.0634
0.80108,52,2.086538
0.73312,71,2.111966
0.83416,43,2.133617
0.84444,40,2.202105
0.7828,57,2.225428
0.78272,57,2.225493
0.80492,51,2.232684
0.77968,58,2.261893
0.83428,43,2.268252
0.74128,69,2.318345
0.77404,60,2.337049
0.73068,72,8.74901
0.74876,67,8.755654
0.72684,73,8.776903
0.7026,80,8.7904
0.73028,72,8.798092
0.69428,82,8.827727
0.71616,76,8.860131
0.72976,72,8.864072
0.78076,58,8.903672
0.74812,67,8.934751
0.77312,60,8.937533
0.78424,57,8.944281
0.72692,73,8.995775
0.74096,69,9.01597
0.78084,58,9.018933
0.771,61,9.029658
0.75404,65,9.080246
0.79736,53,9.086354
0.77608,59,9.094513
0.75456,65,9.111357
0.78316,57,9.141919
0.79788,53,9.152814
0.776,59,9.175478
0.69348,82,9.244303
0.74864,67,9.267645
0.6914,83,9.297996
0.69768,81,9.298052
0.69476,82,9.326305
0.75536,65,9.868205
0.75536,65,9.868272
0.75536,65,9.868283
0.71316,77,9.899021
0.71316,77,9.899072
0.71316,77,9.899083
0.71316,77,9.89909
0.71316,77,9.899097
0.79124,55,16.261245
0.78,58,16.269909
0.73784,70,16.269972
0.73,72,16.275091
0.7698,61,16.277764
0.71944,75,16.283219
0.75552,65,16.289177
0.74488,68,16.29676
0.79524,54,16.418096
0.78744,56,16.431895
0.77028,61,16.440401
0.75184,66,16.447404
0.72648,73,16.464709
0.70228,80,16.474605
0.74044,69,16.480433
0.71256,77,16.494828
0.834,43,16.580684
0.76148,63,16.609066
0.71576,76,16.621555
0.71948,75,16.635582
0.73348,71,16.639099
0.77,61,16.661099
0.734,71,16.669601
0.71276,77,16.690707
0.76544,62,16.747344
0.80048,52,16.750368
0.83152,44,16.756181
0.7866,56,16.785022
0.74056,69,16.808697
0.77188,60,16.826929
0.754,65,16.832962
0.7366,70,23.133656
0.77996,58,23.169165
0.75624,65,23.183929
0.744,68,23.223007
0.69168,83,23.226904
0.7182,75,23.266332
0.70964,78,23.296732
0.685,85,23.309187
0.76912,61,23.340881
0.7056,79,23.340945
0.69444,82,23.385367
0.75856,64,23.395396
0.72324,74,23.418066
0.69824,81,23.478221
0.74024,69,23.491509
0.72336,74,23.491563
0.73776,70,23.526139
0.73716,70,23.526206
0.78052,58,23.547927
0.73068,72,23.576941
0.7658,62,23.586102
0.79124,55,23.626221
0.77248,60,23.652453
0.72308,74,23.691652
0.75492,65,24.169322
0.75492,65,24.169392
0.75492,65,24.169406
0.75492,65,24.169413
0.72208,74,24.194022
0.72208,74,24.194092
0.72208,74,24.194103
0.72208,74,24.194111
0.76172,63,30.658652
0.72068,75,30.703207
0.75152,66,30.703268
0.71184,77,30.710955
0.69524,82,30.729866
0.72232,74,30.734103
0.7068,78,30.749362
0.69036,83,30.768012
0.80636,51,30.89086
0.79596,54,30.929866
0.7004,80,30.948195
0.7958,54,30.956243
0.7254,73,30.96841
0.7042,79,30.981616
0.72692,73,30.999726
0.70004,80,31.005726
0.7924,55,31.105704
0.72276,74,31.111205
0.7992,53,31.129526
0.7812,58,31.132559
0.75148,66,31.143141
0.7018,80,31.157342
0.77736,59,31.167406
0.71584,76,31.210878
0.77724,59,31.274485
0.79084,55,31.299156
0.7374,70,31.302683
0.7128,77,31.346037
0.70508,79,31.353533
0.80256,52,31.357112
0.71968,75,37.379103
0.73416,71,37.380148
0.79948,53,37.43562
0.80944,50,37.451639
0.81268,49,37.502364
0.79468,54,37.509068
0.80288,52,37.515517
0.71924,75,37.5206
0.79812,53,37.529099
0.75612,65,37.563417
0.78024,58,37.60199
0.77692,59,37.621525
0.78768,56,37.681414
0.75892,64,37.687124
0.75132,66,37.699466
0.745,68,37.712717
0.73808,70,37.732148
0.75916,64,37.74877
0.83476,43,37.810247
0.75268,66,37.81031
0.81644,48,37.834656
0.6878,84,37.840118
0.7336,71,37.879754
0.7554,65,37.912192
0.72724,73,37.915552
0.73792,70,37.943227
0.76612,62,37.981103
0.78448,57,37.990769
0.79752,53,38.444856
0.79752,53,38.444929
0.79752,53,38.44494
0.79752,53,38.444947
0.79752,53,38.444954
0.79752,53,38.444964
0.7954,54,38.448926
0.7954,54,38.44898
0.82316,46,44.787982
0.80364,52,44.806934
0.76956,61,44.83875
0.76324,63,44.846642
0.76536,62,44.846696
0.7414,69,44.867668
0.7342,71,44.875604
0.723,74,44.887936
0.838,42,45.02535
0.79544,54,45.057419
0.81976,47,45.084275
0.79804,53,45.1157
0.77784,59,45.135903
0.80916,50,45.144431
0.77028,61,45.170466
0.73996,69,45.205705
0.78424,57,45.299432
0.72576,73,45.307669
0.74848,67,45.311845
0.79444,54,45.320728
0.79068,55,45.358007
0.71896,75,45.457993
0.77328,60,45.475205
0.72544,73,45.49587
0.81244,49,45.557832
0.78052,58,45.607165
0.7338,71,45.652469
0.7134,77,45.663925
0.75936,64,45.66846
0.76944,61,45.735829
0.75532,65,45.740936
0.71996,75,45.800787
0.70244,80,52.011731
0.72996,72,52.030311
0.75576,65,52.054299
0.708,78,52.089247
0.69784,81,52.114184
0.72292,74,52.1566
0.70524,79,52.170774
0.72368,74,52.210305
0.76324,63,52.229806
0.76512,62,52.263818
0.741,69,52.263881
0.79036,55,52.294191
0.70564,79,52.34618
0.80856,50,52.364966
0.76172,63,52.368482
0.716,76,52.397774
0.78012,58,52.442853
0.71908,75,52.471476
0.71184,77,52.509477
0.73276,71,52.524279
0.8196,47,52.552379
0.75844,64,52.556703
0.75112,66,52.583987
0.74004,69,52.595657
0.77328,60,52.665221
0.74104,69,52.672413
0.77744,59,53.130822
0.77744,59,53.131383
0.77744,59,53.131405
0.77744,59,53.131415
0.74052,69,53.157945
0.74052,69,53.158015
0.70936,78,53.188466
0.7022,80,53.196045
0.86016,36,53.317768
0.79936,53,59.371279
0.80948,50,59.387144
0.76616,62,59.395193
0.71268,77,59.408635
0.70928,78,59.41154
0.69564,82,59.423225
0.68164,86,59.433042
0.72352,74,59.553883
0.81,50,59.557277
0.79184,55,59.557319
0.7914,55,59.560141
0.75636,65,59.564289
0.74208,69,59.585225
0.78788,56,59.588245
0.69216,83,59.598835
0.80932,50,59.733082
0.755,65,59.74134
0.77716,59,59.744222
0.7442,68,59.744258
0.73016,72,59.754228
0.72324,74,59.762181
0.70516,79,59.771654
0.7162,76,59.796315
0.72752,73,59.935232
0.75512,65,59.944093
0.7448,68,59.944155
0.713,77,59.956806
0.69156,83,59.970283
0.7592,64,59.970354
0.69132,83,59.973083
0.6842,85,60.005675
0.79876,53,66.15027
0.74884,67,66.179956
0.72688,73,66.184201
0.70924,78,66.191081
0.703,80,66.207023
0.73752,70,66.245284
0.6918,83,66.247878
0.68048,86,66.254798
0.74072,69,66.36104
0.74844,67,66.389079
0.74532,68,66.398886
0.75904,64,66.402255
0.7842,57,66.419838
0.68392,85,66.43851
0.73784,70,66.463441
0.72276,74,66.470285
0.78068,58,66.534245
0.80216,52,66.540973
0.76948,61,66.57469
0.74504,68,66.598415
0.77368,60,66.614617
0.74096,69,66.622046
0.79488,54,66.62525
0.73708,70,66.677496
0.7736,60,67.163262
0.7736,60,67.163323
0.75904,64,67.17571
0.75904,64,67.175763
0.72756,73,67.202767
0.72756,73,67.202827
0.72756,73,67.202838
0.72756,73,67.202847
0.79092,55,67.383413
0.74872,67,67.392231
0.78116,58,67.392291
0.77704,59,67.395513
0.77368,60,67.398744
0.72776,73,67.398794
0.72684,73,73.561827
0.68832,84,73.581532
0.78756,56,73.739623
0.75924,64,73.748037
0.76228,63,73.750689
0.74196,69,73.75491
0.73348,71,73.769734
0.73384,71,73.77489
0.73392,71,73.778199
0.74736,67,73.799832
0.85976,36,73.8718
0.78484,57,73.923115
0.75564,65,73.955366
0.74848,67,73.96472
0.76324,63,73.971191
0.74412,68,73.993118
0.7374,70,73.99622
0.70184,80,74.051946
0.77948,58,74.101144
0.81288,49,74.111977
0.70176,80,74.115975
0.81276,49,74.12043
0.74192,69,74.167318
0.77468,60,74.176615
0.7378,70,74.2096
0.74764,67,74.258642
0.79228,55,74.285054
0.78108,58,74.296427
0.74384,68,74.311124
0.80232,52,74.32604
0.73688,70,74.335368
0.78388,57,74.354368
0.74064,69,80.588117
0.781,58,80.60175
0.8022,52,80.612268
0.75548,65,80.686078
0.77232,60,80.686136
0.73052,72,80.693106
0.76988,61,80.699366
0.7342,71,80.752942
0.77656,59,80.801243
0.72336,74,80.837332
0.74072,69,80.846187
0.76348,63,80.899793
0.76844,61,80.89986
0.737,70,80.918861
0.7156,76,80.937618
0.7808,58,80.94208
0.73284,71,81.032305
0.73356,71,81.070514
0.792,55,81.084294
0.72236,74,81.088769
0.7594,64,81.61013
0.7594,64,81.610203
0.7594,64,81.610214
0.7594,64,81.610226
0.7594,64,81.610236
0.7518,66,81.616569
0.74392,68,81.622129
0.7126,77,81.661627
0.77772,59,81.82488
0.7484,67,81.83755
0.74896,67,81.845417
0.72004,75,81.862345
0.76304,63,81.865168
0.71284,77,88.09784
0.71288,77,88.098061
0.7056,79,88.103841
0.85244,38,88.264095
0.74808,67,88.308855
0.74068,69,88.330245
0.773,60,88.333584
0.73324,71,88.343197
0.752,66,88.346577
0.74508,68,88.356613
0.74068,69,88.3649
0.78324,57,88.51133
0.70196,80,88.544188
0.767,62,88.562804
0.7446,68,88.569798
0.74448,68,88.57334
0.74108,69,88.589314
0.72624,73,88.61703
0.71972,75,88.633725
0.74464,68,88.764609
0.78364,57,88.779791
0.75164,66,88.82086
0.7518,66,88.824838
0.72084,75,88.828373
0.76284,63,88.833569
0.73692,70,88.882027
0.7128,77,88.920347
0.76664,62,88.997632
0.72244,74,89.024329
0.75192,66,95.655961
0.75152,66,95.665679
0.74428,68,95.669289
0.78352,57,95.681059
0.7262,73,95.681124
0.74476,68,95.739013
0.79852,53,95.828523
0.75516,65,95.836446
0.7764,59,95.840665
0.723,74,95.840721
0.78752,56,95.862216
0.75568,65,95.880035
0.74088,69,95.913156
0.75428,65,96.004102
0.76944,61,96.108116
0.772,60,96.117907
0.76944,61,96.117975
0.74948,67,96.152535
0.75952,64,96.194333
0.77672,59,96.204284
0.69828,81,96.231081
0.78384,57,96.250898
0.7636,63,96.921749
0.7636,63,96.92183
0.7636,63,96.921843
0.7636,63,96.921856
0.7636,63,96.921863
0.74468,68,96.941675
0.74464,68,96.941746
0.7126,77,96.98628
0.76688,62,97.206137
0.74132,69,97.215054
0.73048,72,97.229001
0.7236,74,97.238937
0.70908,78,97.257017
0.69812,81,97.267593
0.7018,80,97.279963
0.70836,78,103.662149
0.76912,61,103.815671
0.73396,71,103.839113
0.75452,65,103.842819
0.79004,55,103.846706
0.72328,74,103.861934
0.72652,73,103.884529
0.71304,77,103.887628
0.74436,68,103.90189
0.74832,67,104.047278
0.75164,66,104.072067
0.75116,66,104.079994
0.77964,58,104.103902
0.74492,68,104.1082
0.71484,76,104.112381
0.73812,70,104.161762
0.69484,82,104.182484
0.80784,50,104.219416
0.84068,41,104.245375
0.8194,47,104.271657
0.77996,58,104.27885
0.80108,52,104.284617
0.72696,73,104.318726
0.81292,49,104.325592
0.7554,65,104.391271
0.7954,54,104.391332
0.80932,50,104.40085
0.888,28,104.404157
0.82392,46,104.427426
0.78776,56,104.449026
0.76168,63,104.478618
0.7516,66,104.533997
0.77016,61,111.104406
0.76664,62,111.121728
0.75144,66,111.130566
0.74036,69,111.130624
0.75828,64,111.152252
0.76948,61,111.164643
0.74236,69,111.218405
0.74888,67,111.271317
0.75896,64,111.313147
0.76932,61,111.321135
0.77292,60,111.327348
0.76912,61,111.361524
0.7288,72,111.368676
0.72308,74,111.395995
0.73304,71,111.454107
0.77056,61,111.477988
0.7558,65,111.534839
0.7584,64,111.537664
0.75992,64,111.54384
0.73784,70,112.082389
0.73784,70,112.082472
0.72956,72,112.090466
0.7264,73,112.094891
0.7264,73,112.094955
0.7264,73,112.094966
0.7264,73,112.094974
0.7264,73,112.094981
0.83724,42,112.238272
0.80636,51,112.280214
0.7846,57,112.302985
0.7548,65,112.323041
0.75492,65,112.331532
0.746,68,112.342649
0.72988,72,112.354841
0.85536,37,112.369957
0.69804,81,112.391211
0.76528,62,118.650037
0.79056,55,118.66197
0.7332,71,118.69515
0.79824,53,118.699006
0.74512,68,118.708649
0.72988,72,118.731335
0.7364,70,118.737297
0.7384,70,118.761392
0.80876,50,118.797078
0.82264,46,118.860031
0.7692,61,118.868407
0.71924,75,118.877662
0.80832,50,118.877719
0.7234,74,118.91689
0.78356,57,118.922299
0.69376,82,118.930245
0.73012,72,118.994158
0.73712,70,119.057909
0.75524,65,119.06123
0.71472,76,119.08354
0.73812,70,119.114651
0.6866,84,119.114712
0.72208,74,119.131638
0.72584,73,119.136783
0.73072,72,119.198871
0.7088,78,119.270735
0.7092,78,119.273911
0.72,75,119.289477
0.7524,66,119.295234
0.744,68,119.301761
0.74212,69,125.459578
0.69444,82,125.494253
0.7266,73,125.545965
0.74756,67,125.622072
0.72304,74,125.643549
0.7562,65,125.646823
0.72364,74,125.662293
0.6846,85,125.700612
0.73356,71,125.7277
0.68752,84,125.733344
0.74188,69,125.771495
0.74176,69,125.841622
0.74572,68,125.857497
0.7422,69,125.879762
0.7804,58,125.886678
0.7056,79,125.894549
0.79068,55,125.90801
0.78748,56,126.377425
0.78748,56,126.377496
0.76576,62,126.394802
0.76576,62,126.394866
0.76576,62,126.394877
0.76576,62,126.394885
0.7554,65,126.405669
0.72684,73,126.427963
0.76228,63,126.631239
0.74844,67,126.634804
0.74128,69,126.643018
0.70584,79,126.65826
0.70188,80,126.66328
0.7052,79,126.681116
0.70156,80,126.685752
0.73392,71,126.690787
0.84484,40,126.776515
0.81268,49,132.880854
0.81264,49,132.884894
0.77648,59,132.895404
0.8088,50,132.906015
0.7404,69,132.927608
0.78324,57,132.934291
0.73008,72,132.990562
0.7222,74,133.091592
0.75856,64,133.104064
0.74756,67,133.111647
0.72704,73,133.141867
0.72304,74,133.157172
0.738,70,133.167254
0.79092,55,133.181887
0.71628,76,133.197903
0.76596,62,133.300117
0.80888,50,133.325755
0.73012,72,133.345575
0.75888,64,133.357968
0.72008,75,133.361492
0.78008,58,133.386291
0.74452,68,133.394359
0.72604,73,133.424323
0.71876,75,133.554026
0.74076,69,133.558977
0.77656,59,133.559037
0.75472,65,133.565474
0.76232,63,133.573941
0.7622,63,133.602887
0.76312,63,133.60964
0.72572,73,133.676446
0.7768,59,139.982242
0.74792,67,140.004951
0.74472,68,140.017961
0.7252,73,140.040613
0.75156,66,140.063744
0.7332,71,140.075787
0.70212,80,140.084425
0.75852,64,140.127973
0.80196,52,140.198718
0.75096,66,140.284439
0.7148,76,140.338689
0.75816,64,140.352671
0.71176,77,140.394727
0.685,85,140.408303
0.68788,84,140.443498
0.73028,72,140.443566
0.74356,68,140.476277
0.76956,61,141.042833
0.76956,61,141.042901
0.73664,70,141.070893
0.70284,80,141.101875
0.70284,80,141.103143
0.69936,81,141.109215
0.69936,81,141.109274
0.69936,81,141.109286
0.83024,44,141.200442
0.7628,63,141.272945
0.76568,62,141.334672
0.72412,74,141.342549
0.75072,66,141.350831
0.71588,76,141.399856
0.70988,78,141.410214
0.70616,79,141.414688
0.75528,65,141.451408
0.81604,48,141.535505
0.72708,73,141.563032
0.7878,56,147.639568
0.73416,71,147.676693
0.75812,64,147.693048
0.75112,66,147.705323
0.75464,65,147.705383
0.72712,73,147.759219
0.74576,68,147.800745
0.8414,41,147.81282
0.7596,64,147.827639
0.81252,49,147.850677
0.80912,50,147.853562
0.75464,65,147.866801
0.68376,85,147.87247
0.76888,61,147.934826
0.80672,51,147.960596
0.82368,46,147.997336
0.77408,60,148.019889
0.69552,82,148.039763
0.74152,69,148.052714
0.7442,68,148.07019
0.6846,85,148.072859
0.70632,79,148.163868
0.8164,48,148.177706
0.76296,63,148.180624
0.70172,80,148.192326
0.69112,83,148.260763
0.73676,70,148.272184
0.70904,78,148.275816
0.70548,79,148.293618
0.76208,63,148.367837
0.70844,78,154.844441
0.72768,73,154.844521
0.7102,78,154.865432
0.77656,59,154.898355
0.7546,65,154.940656
0.7166,76,154.977035
0.69128,83,155.034877
0.7272,73,155.095549
0.71188,77,155.129637
0.72568,73,155.137939
0.70156,80,155.141725
0.73788,70,155.159557
0.71708,76,155.225745
0.73732,70,155.238829
0.7984,53,155.809708
0.7984,53,155.809775
0.7984,53,155.809786
0.73112,72,155.886619
0.73112,72,155.88668
0.73112,72,155.886691
0.71212,77,155.90453
0.68056,86,155.94494
0.84216,41,156.097907
0.78772,56,156.102073
0.72056,75,156.102152
0.78388,57,156.107784
0.71616,76,156.107849
0.76964,61,156.121854
0.69512,82,156.128134
0.94956,11,156.138029
0.72,75,156.174893
0.83184,44,156.246876
0.83124,44,156.269732
0.78816,56,156.286469
0.91108,22,156.317799
0.82008,47,156.335962
0.70908,78,156.361458
0.70544,79,156.361515
0.7136,77,163.000796
0.89876,25,163.001095
0.71684,76,163.014262
0.86236,35,163.014321
0.85656,37,163.147765
0.821,47,163.202444
0.82404,46,163.228603
0.74516,68,163.251426
0.77304,60,163.261247
0.69556,82,163.28171
0.90228,24,163.28985
0.82612,45,163.323993
0.70252,80,163.326689
0.8528,38,163.354121
0.68856,84,163.3542
0.88056,30,163.360968
0.87088,33,163.361033
0.79508,54,163.456139
0.85864,36,163.476337
0.78824,56,163.509896
0.7738,60,163.552006
0.73812,70,163.556324
0.68072,86,163.572796
0.74896,67,163.576964
0.84212,41,163.597208
0.69896,81,163.63396
0.84236,41,163.694847
0.78828,56,163.705248
0.7128,77,163.743173
0.80576,51,163.751455
0.77708,59,163.761868
0.72648,73,163.823074
0.7414,69,163.829075
0.87136,33,163.849318
0.7482,67,163.856078
0.8316,44,163.887649
0.75944,64,163.899131
0.7454,68,170.945165
0.79908,53,170.949028
0.86764,34,171.134704
0.81264,49,171.177248
0.7518,66,171.213137
0.73752,70,171.236889
0.76004,64,171.289952
0.75948,64,171.331943
0.7128,77,171.35449
0.70536,79,171.407322
0.7382,70,171.427078
0.79812,53,171.454793
0.74876,67,171.483873
0.74796,67,171.561668
0.83788,42,172.006053
0.7396,69,172.090979
0.73712,70,172.095175
0.73712,70,172.09522
0.72684,73,172.105436
0.72684,73,172.105498
0.72684,73,172.105509
0.72684,73,172.105517
0.85592,37,172.228718
0.75052,66,172.232467
0.841,41,172.244596
0.81596,48,172.273244
0.78692,56,172.296475
0.73048,72,172.33399
0.7402,69,172.338236
0.73308,71,172.345828
0.84152,41,172.404786
0.76524,62,172.443406
0.82712,45,172.449001
0.72612,73,172.477022
0.71816,75,172.480251
0.8126,49,172.514096
0.81232,49,172.523953
0.73704,70,172.58972
0.78808,56,179.236836
0.799,53,179.253527
0.79816,53,179.257988
0.71852,75,179.265065
0.7944,54,179.293095
0.7186,75,179.299176
0.7268,73,179.342725
0.69836,81,179.432339
0.77664,59,179.440869
0.7518,66,179.44414
0.76668,62,179.447735
0.75904,64,179.464088
0.76588,62,179.497021
0.74492,68,179.509775
0.75524,65,179.552
0.82428,46,179.580729
0.80968,50,179.604854
0.84472,40,179.621631
0.77708,59,179.627679
0.79032,55,179.636894
0.719,75,179.680069
0.7696,61,179.698624
0.79432,54,179.719911
0.72744,73,179.814773
0.75556,65,179.814837
0.76644,62,179.827148
0.82068,47,179.833006
0.7596,64,179.841868
0.73772,70,179.845041
0.73052,72,179.928336
0.71956,75,179.961074
0.85332,38,179.964628
0.79156,55,179.989602
0.76632,62,180.011389
0.75904,64,186.373797
0.76992,61,186.383363
0.73752,70,186.410156
0.80992,50,186.452816
0.79496,54,186.521016
0.79172,55,186.521092
0.80576,51,186.588487
0.7914,55,186.635139
0.70104,80,186.647956
0.68776,84,186.689434
0.82052,47,186.698843
0.70228,80,186.703806
0.74828,67,186.721955
0.82052,47,187.257925
0.72692,73,187.348631
0.72692,73,187.348698
0.72692,73,187.34871
0.70232,80,187.376563
0.70232,80,187.376623
0.69752,81,187.381094
0.69752,81,187.381145
0.701,80,187.541935
0.76612,62,187.608207
0.74796,67,187.622135
0.7516,66,187.622198
0.71668,76,187.631663
0.73792,70,187.636334
0.69516,82,187.653934
0.69168,83,187.657402
0.716,76,187.848095
0.76596,62,187.87228
0.76196,63,187.878625
0.77308,60,187.885623
0.76256,63,187.89992
0.70936,78,187.905885
0.71824,75,187.908644
0.71308,77,187.914925
0.81316,49,194.413855
0.76552,62,194.444051
0.76176,63,194.45761
0.7134,77,194.463722
0.78068,58,194.463783
0.77272,60,194.474012
0.73376,71,194.495725
0.72576,73,194.495789
0.78688,56,194.566672
0.80976,50,194.591968
0.75524,65,194.616994
0.77956,58,194.61706
0.75888,64,194.637254
0.77696,59,194.656415
0.7398,69,194.662661
0.76572,62,194.666229
0.77564,59,194.751683
0.71668,76,194.76924
0.77624,59,194.779211
0.81696,48,194.789908
0.80972,50,194.79817
0.73236,71,194.826775
0.7504,66,194.83467
0.68468,85,194.851899
0.77352,60,194.965419
0.78012,58,194.973501
0.77996,58,194.984168
0.82076,47,194.984237
0.74088,69,194.989695
0.70904,78,194.998332
0.73712,70,195.089278
0.71316,77,201.451618
0.78296,57,201.540458
0.7836,57,201.544568
0.74112,69,201.570674
0.71872,75,201.582582
0.73112,72,201.591531
0.74072,69,201.591581
0.80176,52,201.628573
0.7516,66,201.679376
0.77692,59,201.739757
0.79896,53,202.164814
0.79896,53,202.164885
0.79896,53,202.164894
0.78736,56,202.173958
0.78736,56,202.174018
0.74008,69,202.209739
0.74116,69,202.209798
0.70976,78,202.23391
0.8234,46,202.325501
0.77676,59,202.375653
0.745,68,202.395197
0.7274,73,202.410434
0.72684,73,202.410488
0.76576,62,202.426653
0.76276,63,202.433104
0.7948,54,202.433158
0.71952,75,202.602221
0.82328,46,202.60228
0.76696,62,202.602292
0.7544,65,202.636323
0.76564,62,202.643904
0.7478,67,202.663451
0.763,63,202.670044
0.74476,68,202.690173
0.78316,57,202.839231
0.81384,49,202.8598
0.80976,50,202.887036
0.76652,62,209.381619
0.72908,72,209.384558
0.78776,56,209.39131
0.71696,76,209.398028
0.7058,79,209.479483
0.83512,43,209.518026
0.75888,64,209.53866
0.7732,60,209.55712
0.74044,69,209.567425
0.7556,65,209.588717
0.75888,64,209.599824
0.72304,74,209.62264
0.7942,54,209.647169
0.752,66,209.716738
0.76944,61,209.720397
0.84136,41,209.738472
0.75216,66,209.755513
0.73036,72,209.766441
0.74116,69,209.785553
0.76928,61,209.815091
0.71248,77,209.81515
0.81524,48,209.872444
0.79788,53,209.903056
0.73756,70,209.913372
0.71584,76,209.925613
0.7584,64,209.939719
0.769,61,209.950649
0.75896,64,209.992465
0.73464,71,210.011761
0.74856,67,210.050904
0.77896,58,210.056397
0.78696,56,210.06305
0.81564,48,210.068113
0.79812,53,210.068164
0.77228,60,216.664158
0.75928,64,216.77629
0.83704,42,216.799457
0.73092,72,216.842527
0.76664,62,216.88763
0.754,65,216.898573
0.71004,78,216.930803
0.71208,77,216.93581
0.75204,66,216.981677
0.77672,59,217.538906
0.77672,59,217.538973
0.77192,60,217.542821
0.75948,64,217.557712
0.75948,64,217.557774
0.73748,70,217.5833
0.73748,70,217.583364
0.73748,70,217.583376
0.77264,60,217.764152
0.75848,64,217.78253
0.75176,66,217.795786
0.7728,60,217.816601
0.76636,62,217.827515
0.75892,64,217.838174
0.73348,71,217.843261
0.7262,73,217.854833
0.77964,58,218.077298
0.80892,50,218.087454
0.78012,58,218.09209
0.73688,70,218.096746
0.73336,71,218.114482
0.76616,62,218.12692
0.7546,65,218.137277
0.74408,68,218.141875
0.85276,38,218.253982
0.79896,53,218.28652
0.76224,63,218.311839
0.74744,67,224.638334
0.7904,55,224.642324
0.72316,74,224.670344
0.75884,64,224.676633
0.7412,69,224.688971
0.88548,29,224.764453
0.76788,62,224.76865
0.85296,38,224.808864
0.78064,58,224.818758
0.81732,48,224.822859
0.77004,61,224.836468
0.73092,72,224.842488
0.69716,81,224.890741
0.84932,39,224.960711
0.76344,63,224.975259
0.82708,45,224.984573
0.74392,68,224.993765
0.7702,61,225.010033
0.77616,59,225.013808
0.75648,65,225.036801
0.795,54,225.067255
0.81976,47,225.117742
0.78152,58,225.142551
0.80596,51,225.142614
0.78744,56,225.169409
0.7978,53,225.174805
0.80864,50,225.189933
0.8596,36,225.253268
0.7096,78,225.253337
0.76704,62,225.256909
0.79504,54,225.287313
0.7914,55,225.353899
0.73012,72,225.361354
0.75856,64,225.361405
0.75548,65,225.372889
0.82032,47,225.395181
0.81956,47,225.398947
0.79472,54,225.41926
0.78776,56,231.837239
0.77696,59,231.939713
0.77952,58,231.943397
0.7766,59,231.948069
0.76244,63,231.976497
0.75608,65,232.01938
0.77728,59,232.024964
0.73376,71,232.045419
0.83064,44,232.463557
0.83064,44,232.463621
0.78044,58,232.503832
0.77224,60,232.50973
0.74476,68,232.531951
0.74476,68,232.532025
0.74476,68,232.532036
0.74476,68,232.532043
0.7944,54,232.640346
0.8596,36,232.660985
0.83132,44,232.661055
0.75824,64,232.679279
0.81248,49,232.712942
0.81232,49,232.713011
0.78756,56,232.738701
0.70944,78,232.780624
0.81604,48,232.838859
0.79792,53,232.85675
0.82648,45,232.874889
0.80148,52,232.902441
0.7302,72,232.906653
0.75056,66,232.921136
0.79812,53,232.931704
0.79472,54,232.97586
0.78312,57,233.053285
0.765,62,233.096078
0.75788,64,233.12182
0.75816,64,233.147685
0.76888,61,233.162624
0.73032,72,233.175443
0.71148,77,233.205034
0.71968,75,239.742402
0.7196,75,239.807352
0.74084,69,239.818975
0.73656,70,239.845434
0.73752,70,239.867264
0.72628,73,239.894323
0.77,61,239.89948
0.81272,49,239.906001
0.70504,79,239.930257
0.85868,36,240.019894
0.74008,69,240.036381
0.71692,76,240.083497
0.74436,68,240.083554
0.79776,53,240.097677
0.75284,66,240.108455
0.80164,52,240.127869
0.70836,78,240.200833
0.85916,36,240.343763
0.83788,42,240.350956
0.79816,53,240.404665
0.728,73,240.42828
0.73468,71,240.441564
0.84788,39,240.459737
0.7818,58,240.476143
0.73624,70,240.504989
0.74264,69,240.680953
0.74536,68,240.681016
0.7802,58,240.713056
0.74432,68,240.745219
0.71028,78,240.765009
0.75084,66,240.77231
0.74164,69,240.772876
0.71212,77,240.824261
0.91,22,246.989064
0.81624,48,247.052086
0.73676,70,247.073318
0.74632,68,247.091972
0.70932,78,247.098125
0.7326,71,247.14664
0.91764,20,247.484584
0.91764,20,247.484656
0.7944,54,247.604846
0.75904,64,247.638629
0.75904,64,247.638708
0.7376,70,247.66125
0.7376,70,247.661313
0.7376,70,247.661324
0.77004,61,247.71668
0.76656,62,247.719857
0.77384,60,247.859554
0.73884,70,247.859618
0.74164,69,247.892217
0.75972,64,247.896019
0.74128,69,247.913206
0.7342,71,247.91896
0.75216,66,247.938892
0.74536,68,247.950955
0.7838,57,248.141607
0.74064,69,248.156111
0.7742,60,248.161717
0.72708,73,248.176728
0.7736,60,248.185287
0.74532,68,248.231571
0.77392,60,248.237999
0.74436,68,248.261605
0.84884,39,248.335128
0.7372,70,248.436379
0.71312,77,248.448571
0.72704,73,248.46535
0.7026,80,248.471569
0.723,74,254.729714
0.71684,76,254.733693
0.71628,76,254.748869
0.75208,66,254.777272
0.79132,55,254.831868
0.77708,59,254.855801
0.70656,79,254.884636
0.70912,78,254.905331
0.7494,67,254.928382
0.7062,79,254.943639
0.69888,81,254.946446
0.7484,67,254.956709
0.70576,79,255.044116
0.7772,59,255.047553
0.71632,76,255.063399
0.75528,65,255.081017
0.77352,60,255.091454
0.79908,53,255.104265
0.748,67,255.131171
0.72648,73,255.144867
0.75124,66,255.222026
0.74012,69,255.247498
0.71604,76,255.250789
0.74108,69,255.282189
0.7126,77,255.285106
0.71632,76,255.289491
0.7274,73,255.331747
0.69804,81,255.340399
0.7516,66,261.436645
0.73732,70,261.479389
0.73336,71,261.479456
0.7616,63,261.506288
0.74164,69,261.514466
0.7154,76,261.536744
0.71952,75,261.997772
0.71952,75,261.997838
0.71952,75,261.99785
0.71192,77,262.006233
0.71192,77,262.006307
0.70168,80,262.016761
0.69176,83,262.025169
0.69176,83,262.025227
0.74408,68,262.237327
0.70588,79,262.254824
0.7022,80,262.259068
0.70884,78,262.25913
0.70924,78,262.259143
0.68068,86,262.275233
0.70596,79,262.278032
0.69948,81,262.284082
0.76592,62,262.413424
0.77028,61,262.455198
0.7558,65,262.48082
0.71684,76,262.48992
0.71372,77,262.494653
0.69968,81,262.50734
0.68192,86,262.531754
0.68508,85,262.551112
0.7916,55,262.67532
0.73404,71,262.686135
0.78744,56,262.748257
0.75864,64,262.755555
0.72364,74,269.344216
0.77628,59,269.355335
0.699,81,269.386729
0.67128,89,269.409139
0.72748,73,269.512956
0.78128,58,269.518024
0.71216,77,269.518084
0.75912,64,269.548642
0.7692,61,269.585057
0.72588,73,269.593152
0.73032,72,269.597119
0.76268,63,269.616406
0.81676,48,269.687296
0.71564,76,269.77847
0.73384,71,269.788091
0.69928,81,269.79204
0.7738,60,269.795776
0.74108,69,269.817224
0.7442,68,269.823821
0.74828,67,269.838754
0.83108,44,269.918421
0.84152,41,269.918482
0.72692,73,269.922003
0.835,43,269.962284
0.7668,62,269.992801
0.73732,70,270.019955
0.74084,69,270.038186
0.7554,65,270.049496
0.78828,56,270.101709
0.76668,62,270.116148
0.75184,66,270.130415
0.79548,54,276.627371
0.81276,49,276.632017
0.71968,75,276.642701
0.81688,48,276.642752
0.73432,71,276.665405
0.80548,51,277.131424
0.80172,52,277.134847
0.80172,52,277.134891
0.80172,52,277.1349
0.75192,66,277.171788
0.75192,66,277.171839
0.68804,84,277.219744
0.68804,84,277.219794
0.8166,48,277.320463
0.71936,75,277.352709
0.76964,61,277.355739
0.70852,78,277.364497
0.6808,86,277.386996
0.67312,88,277.393673
0.7094,78,277.453275
0.68008,86,277.475605
0.71928,75,277.533494
0.72296,74,277.567196
0.70576,79,277.583887
0.6948,82,277.602139
0.71232,77,277.612661
0.709,78,277.621044
0.69856,81,277.686864
0.70552,79,277.706979
0.75872,64,277.748434
0.88484,29,277.772392
0.68504,85,277.77944
0.88104,30,277.794254
0.70608,79,277.81232
0.71296,77,277.828184
0.72016,75,277.8427
0.70576,79,277.84653
0.89932,25,284.027043
0.89928,25,284.043404
0.89932,25,284.046912
0.7218,74,284.13855
0.68768,84,284.145539
0.73632,70,284.149335
0.73684,70,284.168457
0.67,89,284.196885
0.7866,56,284.239208
0.76508,62,284.25758
0.732,71,284.273438
0.88128,30,284.273498
0.88464,29,284.293715
0.74024,69,284.383334
0.7226,74,284.390017
0.68512,85,284.431095
0.80828,50,284.461087
0.74052,69,284.49848
0.70548,79,284.498542
0.7366,70,284.501722
0.71564,76,284.506059
0.84908,39,284.510126
0.79816,53,284.562851
0.81712,48,284.656359
0.79072,55,284.678918
0.79536,54,284.683219
0.7094,78,284.686489
0.72628,73,284.699673
0.71748,76,284.759432
0.69852,81,284.769313
0.87016,33,284.792847
0.85252,38,284.81871
0.68848,84,284.834365
0.70656,79,291.233688
0.82388,46,291.238416
0.76672,62,291.731221
0.76672,62,291.73129
0.76672,62,291.731301
0.76672,62,291.731309
0.75228,66,291.749026
0.75228,66,291.749084
0.75228,66,291.749094
0.69772,81,291.80891
0.8228,46,291.945705
0.81544,48,291.954688
0.78816,56,291.969634
0.80132,52,291.969701
0.77328,60,291.987463
0.76256,63,292.001945
0.74116,69,292.027336
0.78728,56,292.05303
0.81944,47,292.170785
0.79204,55,292.189129
0.78668,56,292.22226
0.73444,71,292.230361
0.77988,58,292.254288
0.71236,77,292.265029
0.71596,76,292.278685
0.67116,89,292.414266
0.7484,67,292.47002
0.70516,79,292.503268
0.71976,75,292.535698
0.72376,74,292.539681
0.73408,71,292.553192
0.71736,76,292.581428
0.70148,80,292.603599
0.7094,78,292.716813
0.80348,51,292.733608
0.70652,79,292.772804
0.79988,52,292.772857
0.7342,71,292.772867
0.80732,50,298.88004
0.72736,73,298.902128
0.69484,82,298.915874
0.8036,51,299.003836
0.74852,67,299.007233
0.79616,53,299.010609
0.75484,65,299.014002
0.7912,55,299.017555
0.80352,51,299.050966
0.74748,67,299.07012
0.77124,60,299.091365
0.8094,50,299.163108
0.77648,59,299.199052
0.75144,66,299.215425
0.75244,66,299.23151
0.76596,62,299.256078
0.72028,75,299.262679
0.73744,70,299.300704
0.74016,69,299.31756
0.737,70,299.390388
0.7268,73,299.429982
0.75164,66,299.436908
0.73772,70,299.436962
0.75884,64,299.449587
0.73336,71,299.477344
0.74336,68,299.507631
0.75968,64,299.51271
0.71976,75,299.620048
0.7522,66,299.638877
0.7404,69,299.643048
0.75428,65,299.650525
0.73216,71,299.656459
0.76992,61,306.541312
0.75496,65,306.551673
0.72724,73,306.573733
0.71596,76,306.58478
0.71596,76,306.584847
0.71596,76,306.584859
0.71596,76,306.584868
0.71596,76,306.584875
0.76916,61,306.772063
0.719,75,306.778187
0.74436,68,306.803782
0.7408,69,306.807298
0.69528,82,306.814173
0.71172,77,306.832536
0.69752,81,306.844514
0.69456,82,306.848132
0.7526,66,306.989278
0.78,58,307.011825
0.72636,73,307.028508
0.71932,75,307.073186
0.71372,77,307.077858
0.73864,70,307.103808
0.72408,74,307.117991
0.70132,80,307.125655
0.74796,67,307.247791
0.72724,73,307.251666
0.72976,72,307.277454
0.7598,64,307.28576
0.75588,65,307.293409
0.77388,60,307.300506
0.76016,64,307.333243
0.70964,78,307.378301
0.76512,62,313.709553
0.72644,73,313.736968
0.73844,70,313.753608
0.70852,78,313.781606
0.70904,78,313.79273
0.69812,81,313.797946
0.69464,82,313.831717
0.70828,78,313.851054
0.73728,70,313.899074
0.74108,69,313.926274
0.79384,54,313.943071
0.77232,60,313.96242
0.75468,65,313.962492
0.79344,54,313.979614
0.68436,85,313.988103
0.78332,57,314.010711
0.81244,49,314.041309
0.75912,64,314.122341
0.78056,58,314.126896
0.73144,72,314.129869
0.76248,63,314.142519
0.78292,57,314.151914
0.80224,52,314.159594
0.73736,70,314.176585
0.76872,61,314.208125
0.80868,50,314.258309
0.80196,52,314.267798
0.80516,51,314.278334
0.82712,45,314.278391
0.77376,60,314.291966
0.81964,47,314.302784
0.75216,66,314.326637
0.77932,58,314.771322
0.76156,63,314.78414
0.71664,76,314.815526
0.71664,76,314.815583
0.71664,76,314.815593
0.71664,76,314.8156
0.71664,76,314.815611
0.70132,80,314.834934
0.78432,57,321.37502
0.70208,80,321.493572
0.73732,70,321.50567
0.73804,70,321.522354
0.70528,79,321.547443
0.69772,81,321.55907
0.69448,82,321.562263
0.6914,83,321.566162
0.81692,48,321.581619
0.82376,46,321.695491
0.7494,67,321.749012
0.79016,55,321.767759
0.71572,76,321.772115
0.735,71,321.796371
0.73828,70,321.800472
0.73812,70,321.807172
0.70576,79,321.831962
0.82704,45,321.908001
0.75856,64,321.918545
0.81612,48,321.976466
0.79552,54,321.994604
0.78384,57,322.00318
0.74172,69,322.02296
0.7838,57,322.045896
0.69892,81,322.065491
0.74728,67,322.150151
0.70192,80,322.199927
0.79088,55,328.382622
0.758,64,328.396457
0.73288,71,328.40025
0.73648,70,328.411282
0.71516,76,328.470328
0.70824,78,328.495364
0.7342,71,328.553041
0.77376,60,328.565746
0.77412,60,328.58794
0.73688,70,328.609487
0.73404,71,328.635729
0.70964,78,328.647001
0.69852,81,328.725277
0.7202,75,328.729395
0.76656,62,328.748256
0.78088,58,328.768107
0.74924,67,328.773635
0.75592,65,328.83385
0.77064,61,328.833911
0.71272,77,328.842625
0.791,55,328.889679
0.74832,67,328.922822
0.75536,65,328.936273
0.74092,69,328.965621
0.73448,71,328.976978
0.74412,68,329.027507
0.71984,75,329.054365
0.70556,79,329.057997
0.75096,66,329.075811
0.84124,41,329.440653
0.79456,54,329.478834
0.79456,54,329.478889
0.79456,54,329.4789
0.79456,54,329.478909
0.73792,70,329.522185
0.73792,70,329.52225
0.72752,73,329.532767
0.85924,36,329.587609
0.8554,37,329.592219
0.84832,39,329.601412
0.83772,42,335.893313
0.71964,75,335.973603
0.81272,49,335.987623
0.78756,56,336.014599
0.76612,62,336.044889
0.79504,54,336.091511
0.87,33,336.122058
0.76228,63,336.127384
0.75916,64,336.159873
0.74088,69,336.159934
0.859,36,336.167778
0.77248,60,336.219919
0.77968,58,336.315059
0.7234,74,336.331816
0.75508,65,336.364926
0.776,59,336.369559
0.7412,69,336.378189
0.77008,61,336.384386
0.74784,67,336.398877
0.734,71,336.496829
0.78348,57,336.588219
0.71992,75,336.640413
0.76216,63,336.64744
0.75452,65,336.658991
0.7584,64,336.662655
0.73056,72,336.672499
0.74744,67,336.691835
0.84488,40,336.74071
0.7554,65,336.760785
0.80624,51,336.825037
0.76292,63,336.861267
0.77708,59,336.884965
0.75936,64,343.088069
0.75112,66,343.091677
0.76324,63,343.110677
0.7876,56,343.151402
0.7666,62,343.151476
0.83124,44,343.182261
0.79812,53,343.259169
0.792,55,343.286165
0.7986,53,343.303053
0.7402,69,343.310312
0.76656,62,343.319415
0.79096,55,343.348275
0.73076,72,343.398842
0.74468,68,343.414668
0.79836,53,343.460745
0.74896,67,343.495405
0.78736,56,343.498992
0.73768,70,343.536619
0.74472,68,343.536682
0.7694,61,343.553426
0.74336,68,343.6377
0.70412,79,343.699592
0.70524,79,343.749421
0.75104,66,343.772938
0.7112,77,343.772997
0.76276,63,343.77694
0.7124,77,343.776995
0.719,75,343.809075
0.79204,55,344.342927
0.79204,55,344.342991
0.79204,55,344.343004
0.79204,55,344.343012
0.79204,55,344.34302
0.7448,68,344.385776
0.70256,80,344.421069
0.70256,80,344.421134
0.77032,61,351.117964
0.76368,63,351.126207
0.75584,65,351.133015
0.72728,73,351.1592
0.71324,77,351.170687
0.78088,58,351.18915
0.75572,65,351.214465
0.708,78,351.218216
0.79452,54,351.328891
0.7516,66,351.395627
0.74056,69,351.399344
0.76236,63,351.423157
0.77776,59,351.429531
0.7332,71,351.434941
0.74504,68,351.482331
0.70912,78,351.520671
0.7154,76,351.604842
0.73812,70,351.644819
0.7226,74,351.659053
0.74068,69,351.668022
0.75484,65,351.668058
0.73664,70,351.675148
0.79876,53,351.706914
0.71532,76,351.73923
0.79552,54,351.770384
0.78816,56,351.933585
0.79912,53,351.941409
0.79952,53,351.959439
0.76296,63,352.07293
0.7404,69,352.124462
0.74508,68,352.19774
0.7454,68,352.314522
