#{"t_start": 1701186186.951891, "env_id": "None"}
r,l,t
0.7202,75,1.326078
0.7202,75,1.326159
0.7202,75,1.326169
0.7202,75,1.326176
0.7202,75,1.326182
0.7202,75,1.326191
0.7202,75,1.326197
0.7202,75,1.326202
0.7202,75,1.622431
0.7202,75,1.622486
0.7202,75,1.622495
0.7202,75,1.622502
0.7202,75,1.622508
0.7202,75,1.622514
0.7202,75,1.622519
0.7202,75,1.622524
0.7202,75,1.925489
0.7202,75,1.925539
0.7202,75,1.92555
0.7202,75,1.925557
0.7202,75,1.925563
0.7202,75,1.925571
0.7202,75,1.925577
0.7202,75,1.925585
0.7202,75,2.214922
0.7202,75,2.214976
0.7202,75,2.214985
0.7202,75,2.214995
0.7202,75,2.215001
0.7202,75,2.215007
0.7202,75,2.215012
0.7202,75,2.215018
0.7372,70,3.067675
0.72688,73,3.090937
0.7242,74,3.100639
0.7156,76,3.115844
0.71188,77,3.122679
0.70108,80,3.142734
0.69792,81,3.149283
0.69136,83,3.162424
0.72988,72,3.615118
0.70932,78,3.638473
0.72696,73,3.645285
0.71568,76,3.652243
0.70904,78,3.692417
0.72032,75,3.692474
0.71964,75,3.701359
0.70876,78,3.738612
0.73784,70,4.123482
0.71604,76,4.188945
0.70864,78,4.213925
0.7124,77,4.213979
0.69464,82,4.287977
0.68884,84,4.30363
0.70172,80,4.319444
0.67448,88,4.344125
0.70204,80,6.702521
0.73416,71,6.702591
0.71964,75,6.752387
0.75528,65,6.781353
0.7302,72,6.802541
0.745,68,6.8204
0.72344,74,6.825935
0.68096,86,6.825997
0.72648,73,7.195069
0.712,77,7.222451
0.74812,67,7.248859
0.74852,67,7.269006
0.70164,80,7.291358
0.74068,69,7.291418
0.70556,79,7.312325
0.7192,75,7.333092
0.76276,63,7.62663
0.72712,73,7.663364
0.72976,72,7.707684
0.72676,73,7.750939
0.71584,76,7.784412
0.6952,82,7.784475
0.70364,80,7.790177
0.71648,76,7.802924
0.78024,58,8.012578
0.74112,69,8.518137
0.74112,69,8.518193
0.74112,69,8.518205
0.74112,69,8.518213
0.74112,69,8.518221
0.74112,69,8.518228
0.74112,69,8.518234
0.74112,69,8.518241
0.77328,60,11.082164
0.75976,64,11.106061
0.75168,66,11.119884
0.72304,74,11.175935
0.71976,75,11.18391
0.71648,76,11.189846
0.71608,76,11.189893
0.67392,88,11.269883
0.73372,71,11.580514
0.70932,78,11.602333
0.74856,67,11.629615
0.70852,78,11.640269
0.71308,77,11.687755
0.70216,80,11.717994
0.70188,80,11.718056
0.73352,71,11.735587
0.73056,72,12.063549
0.74132,69,12.072293
0.699,81,12.109283
0.71964,75,12.129756
0.72352,74,12.171132
0.75148,66,12.171188
0.71932,75,12.212719
0.712,77,12.229219
0.72312,74,14.532611
0.77352,60,14.540298
0.73768,70,14.548695
0.716,76,14.555997
0.73024,72,14.586423
0.741,69,14.606353
0.70268,80,14.724323
0.70584,79,14.732071
0.75904,64,14.992999
0.74492,68,15.00095
0.73488,71,15.029888
0.7266,73,15.049823
0.73084,72,15.099202
0.70524,79,15.122789
0.7486,67,15.186744
0.73356,71,15.209062
0.77704,59,15.403503
0.77036,61,15.463043
0.7518,66,15.47838
0.72636,73,15.494057
0.75944,64,15.558158
0.7306,72,15.58339
0.74432,68,15.641857
0.73036,72,15.686718
0.76944,61,15.798816
0.7448,68,15.915842
0.71924,75,15.94901
0.71948,75,15.976564
0.7742,60,16.451385
0.7742,60,16.451453
0.7742,60,16.451464
0.7742,60,16.451474
0.7742,60,16.451482
0.7742,60,16.451488
0.7742,60,16.451495
0.7742,60,16.451501
0.77724,59,18.941669
0.75888,64,18.980754
0.741,69,19.013807
0.7338,71,19.026649
0.72372,74,19.049222
0.71952,75,19.057576
0.71652,76,19.066958
0.70848,78,19.082273
0.76292,63,19.380665
0.74484,68,19.450737
0.76952,61,19.450797
0.75848,64,19.505974
0.7484,67,19.513662
0.74132,69,19.533572
0.70496,79,19.560563
0.70204,80,19.627249
0.74856,67,19.833456
0.7524,66,19.943092
0.72056,75,19.948889
0.77344,60,19.954611
0.70912,78,19.9673
0.71984,75,20.00984
0.71948,75,20.030273
0.71576,76,20.130725
0.7666,62,20.243213
0.78808,56,20.34435
0.75168,66,20.378211
0.75208,66,20.384248
0.78128,58,20.411092
0.72328,74,22.388593
0.74804,67,22.396784
0.78412,57,22.449735
0.73408,71,22.655312
0.78756,56,22.760711
0.72372,74,22.775958
0.74432,68,22.811178
0.7164,76,22.835403
0.71196,77,22.835462
0.73368,71,22.868906
0.73096,72,22.932473
0.75952,64,23.089343
0.79476,54,23.209088
0.752,66,23.217574
0.75236,66,23.229832
0.76004,64,23.250123
0.77316,60,23.250172
0.7594,64,23.37553
0.72672,73,23.37559
0.77016,61,23.507563
0.79096,55,23.584313
0.75952,64,23.641794
0.77352,60,23.654779
0.75908,64,23.661752
0.74112,69,23.715309
0.766,62,23.796697
0.75136,66,23.826675
0.8418,41,24.315224
0.8418,41,24.315287
0.8418,41,24.315297
0.8418,41,24.315304
0.8418,41,24.315311
0.8418,41,24.315317
0.8418,41,24.315322
0.8418,41,24.315328
0.79148,55,26.80014
0.77704,59,26.829303
0.77408,60,26.835494
0.76304,63,26.851495
0.75596,65,26.862829
0.75176,66,26.870546
0.74456,68,26.884845
0.74092,69,26.894013
0.75952,64,27.224205
0.75892,64,27.258156
0.77692,59,27.265398
0.75872,64,27.292126
0.7482,67,27.300306
0.7696,61,27.300357
0.7442,68,27.337264
0.70588,79,27.351494
0.7842,57,27.664983
0.76624,62,27.665046
0.75192,66,27.683012
0.77,61,27.688763
0.70904,78,27.726695
0.74908,67,27.768137
0.70588,79,27.79615
0.7342,71,27.802072
0.78776,56,28.06002
0.75544,65,28.093741
0.73732,70,28.127396
0.77348,60,28.127452
0.79172,55,28.134737
0.79872,53,28.154999
0.70804,78,28.20225
0.72296,74,28.300884
0.75556,65,30.389924
0.76236,63,30.413592
0.78808,56,30.427277
0.74112,69,30.489914
0.73808,70,30.489979
0.76284,63,30.518539
0.7242,74,30.518599
0.7954,54,30.554726
0.7986,53,30.75742
0.78036,58,30.802124
0.73032,72,30.861597
0.7916,55,30.877013
0.77004,61,30.889817
0.80284,52,30.897717
0.73788,70,30.951866
0.71596,76,31.020816
0.80184,52,31.107077
0.80196,52,31.207641
0.76624,62,31.214655
0.77324,60,31.277331
0.77032,61,31.294854
0.76272,63,31.369589
0.7696,61,31.426665
0.69116,83,31.455846
0.74228,69,31.554604
0.80196,52,31.608913
0.84904,39,32.118513
0.84904,39,32.118589
0.84904,39,32.1186
0.84904,39,32.118609
0.84904,39,32.118617
0.84904,39,32.118624
0.84904,39,32.118631
0.84904,39,32.118638
0.79212,55,34.439252
0.78044,58,34.457764
0.7772,59,34.463594
0.76648,62,34.485971
0.76244,63,34.493125
0.76264,63,34.493181
0.756,65,34.509687
0.72664,73,34.566159
0.79156,55,34.800278
0.80272,52,34.836702
0.77736,59,34.849069
0.78828,56,34.863292
0.7774,59,34.874606
0.75196,66,34.900629
0.77044,61,34.907762
0.77008,61,34.954918
0.80988,50,35.123026
0.8128,49,35.22269
0.77384,60,35.264216
0.7808,58,35.276968
0.75584,65,35.282353
0.74436,68,35.289872
0.73356,71,35.297144
0.79112,55,35.315062
0.74808,67,35.569973
0.80976,50,35.621337
0.76988,61,35.629347
0.7982,53,35.635206
0.76972,61,35.684207
0.75936,64,35.689891
0.76268,63,35.714887
0.7338,71,35.793023
0.81308,49,35.954306
0.80196,52,35.961763
0.7736,60,35.96183
0.7806,58,36.009597
0.78028,58,36.067794
0.76596,62,38.006134
0.7738,60,38.020481
0.77324,60,38.09258
0.8166,48,38.19069
0.80972,50,38.210183
0.83132,44,38.274625
0.7588,64,38.360714
0.73332,71,38.360781
0.79876,53,38.373974
0.75532,65,38.46695
0.77344,60,38.504517
0.7738,60,38.597827
0.76268,63,38.640024
0.81644,48,38.684005
0.76992,61,38.692477
0.80224,52,38.713524
0.79916,53,38.734236
0.76624,62,38.889256
0.80204,52,38.953916
0.73036,72,38.995616
0.79168,55,39.016159
0.78056,58,39.073712
0.76284,63,39.115809
0.77336,60,39.115873
0.77724,59,39.126975
0.7876,56,39.261879
0.85632,37,39.726947
0.85632,37,39.727016
0.85632,37,39.727027
0.85632,37,39.727036
0.85632,37,39.727049
0.85632,37,39.727056
0.85632,37,39.727063
0.85632,37,39.727069
0.8276,45,40.137571
0.78452,57,40.221293
0.78044,58,40.229568
0.77704,59,40.235636
0.77384,60,40.241713
0.75188,66,42.213971
0.74812,67,42.220049
0.7266,73,42.258537
0.80944,50,42.404941
0.79532,54,42.520621
0.81292,49,42.544209
0.78828,56,42.550608
0.76312,63,42.594357
0.75204,66,42.60016
0.78432,57,42.608093
0.79512,54,42.629103
0.81992,47,42.724179
0.80672,51,42.855308
0.80976,50,42.872052
0.79924,53,42.897047
0.80952,50,42.925112
0.79128,55,42.960276
0.78056,58,42.968388
0.79888,53,42.968445
0.80936,50,43.048556
0.82036,47,43.163959
0.79556,54,43.24795
0.76276,63,43.283449
0.77092,61,43.319202
0.77732,59,43.343126
0.77704,59,43.35108
0.76248,63,43.383578
0.78068,58,43.430584
0.81648,48,43.479963
0.77312,60,43.642795
0.77368,60,43.669048
0.80944,50,43.669103
0.77696,59,43.703473
0.7768,59,43.736892
0.7918,55,43.736944
0.81292,49,43.794662
0.74456,68,45.72404
0.78756,56,45.906229
0.79524,54,45.928769
0.76976,61,45.942231
0.75204,66,45.942292
0.83492,43,45.950462
0.79472,54,45.965223
0.82052,47,46.059819
0.69872,81,46.150012
0.81296,49,46.242298
0.8132,49,46.283655
0.81668,48,46.291459
0.79492,54,46.311973
0.77752,59,46.328168
0.78392,57,46.328216
0.788,56,46.426575
0.7954,54,46.510513
0.83468,43,46.57114
0.79176,55,46.608623
0.78824,56,46.666626
0.79176,55,46.680224
0.78092,58,46.715837
0.77764,59,46.724001
0.8024,52,46.783761
0.7844,57,46.891579
0.87088,33,47.333989
0.87088,33,47.334038
0.87088,33,47.334048
0.87088,33,47.334055
0.87088,33,47.334062
0.87088,33,47.334068
0.87088,33,47.334074
0.87088,33,47.334079
0.81324,49,47.75977
0.80976,50,47.766972
0.8056,51,47.772712
0.80256,52,47.780521
0.79156,55,47.799717
0.7874,56,47.807459
0.78408,57,47.815546
0.76348,63,47.854176
0.83492,43,50.102921
0.80292,52,50.12498
0.7954,54,50.132427
0.77692,59,50.15893
0.79188,55,50.170993
0.78068,58,50.171052
0.77364,60,50.213391
0.78828,56,50.233789
0.831,44,50.417664
0.84548,40,50.425394
0.79516,54,50.466143
0.78768,56,50.50817
0.78444,57,50.552074
0.766,62,50.586099
0.78796,56,50.586153
0.78844,56,50.606021
0.82796,45,50.714943
0.82036,47,50.720826
0.85312,38,50.744413
0.77716,59,50.836012
0.84192,41,50.836067
0.82384,46,50.865035
0.78788,56,50.948408
0.7592,64,50.948481
0.82036,47,51.015385
0.78408,57,51.072685
0.77672,59,51.119162
0.80552,51,51.190865
0.78412,57,51.196708
0.77704,59,51.212158
0.82752,45,51.240595
0.85628,37,51.310763
0.81684,48,51.326078
0.77016,61,51.343892
0.8096,50,51.436299
0.80256,52,51.530043
0.79848,53,51.542646
0.79872,53,51.556152
0.81668,48,53.610207
0.81328,49,53.632218
0.75552,65,53.65759
0.81352,49,53.657651
0.76952,61,53.835435
0.7844,57,53.918466
0.82416,46,53.924457
0.76644,62,53.938891
0.77664,59,53.94668
0.80968,50,53.99321
0.79196,55,54.00639
0.78456,57,54.040714
0.80944,50,54.171434
0.83472,43,54.224107
0.80604,51,54.256342
0.82036,47,54.256415
0.8278,45,54.288322
0.78116,58,54.309725
0.82388,46,54.309786
0.77712,59,54.424785
0.77352,60,54.559201
0.81656,48,54.567077
0.82436,46,54.588171
0.78456,57,54.594732
0.80224,52,54.59479
0.82036,47,54.613135
0.813,49,54.627612
0.87476,32,55.083369
0.87476,32,55.083434
0.87476,32,55.08345
0.87476,32,55.083462
0.87476,32,55.083468
0.87476,32,55.083478
0.87476,32,55.083487
0.87476,32,55.083493
0.85632,37,55.425232
0.8348,43,55.464543
0.80936,50,55.513183
0.8024,52,55.525789
0.7844,57,55.56
0.7768,59,55.574359
0.77344,60,55.580698
0.75568,65,55.611163
0.8204,47,57.685389
0.7878,56,57.70746
0.79856,53,57.77109
0.8168,48,57.797059
0.78804,56,57.803095
0.80956,50,57.817486
0.82032,47,57.830415
0.78812,56,57.838063
0.8346,43,57.981748
0.81672,48,57.995621
0.83512,43,58.069292
0.8276,45,58.103996
0.81344,49,58.11525
0.79164,55,58.122478
0.82052,47,58.129656
0.82028,47,58.135477
0.842,41,58.256908
0.82068,47,58.284635
0.82768,45,58.361755
0.84188,41,58.382232
0.82036,47,58.407073
0.83864,42,58.40713
0.80964,50,58.444365
0.79852,53,58.467984
0.7986,53,58.596458
0.80588,51,58.608833
0.83492,43,58.678753
0.8018,52,58.690933
0.81308,49,58.690993
0.80592,51,58.731444
0.82428,46,58.739149
0.85624,37,58.83571
0.78104,58,58.843055
0.83448,43,58.887791
0.80288,52,59.029144
0.82416,46,59.029217
0.79876,53,59.037335
0.77708,59,59.064275
0.78792,56,59.101157
0.79828,53,59.177185
0.7804,58,59.213884
0.78428,57,59.255186
0.81296,49,61.223066
0.80956,50,61.223139
0.78832,56,61.266083
0.78824,56,61.302075
0.82044,47,61.357478
0.7734,60,61.365035
0.79884,53,61.437595
0.79524,54,61.487336
0.82076,47,61.54007
0.84552,40,61.570352
0.80972,50,61.605213
0.78088,58,61.618143
0.84584,40,61.630673
0.80972,50,61.707138
0.81324,49,61.813185
0.84208,41,61.813268
0.78736,56,61.813279
0.82412,46,61.932824
0.80588,51,61.938554
0.80928,50,61.946087
0.7806,58,61.951766
0.81312,49,62.026387
0.8206,47,62.125372
0.80964,50,62.147884
0.79476,54,62.171749
0.83836,42,62.227985
0.87452,32,62.625084
0.87452,32,62.625145
0.87452,32,62.625154
0.87452,32,62.625161
0.87452,32,62.625166
0.87452,32,62.625172
0.87452,32,62.625177
0.87452,32,62.625182
0.83816,42,62.920005
0.82396,46,62.94741
0.82368,46,62.947474
0.80596,51,62.983645
0.80568,51,62.983698
0.79532,54,63.001928
0.79176,55,63.007966
0.78068,58,63.028403
0.83144,44,63.259718
0.83488,43,63.285817
0.79936,53,63.294482
0.82764,45,65.202216
0.79164,55,65.216001
0.80932,50,65.216059
0.83112,44,65.223078
0.77744,59,65.301778
0.83444,43,65.432111
0.83832,42,65.452192
0.824,46,65.48436
0.82404,46,65.530711
0.82028,47,65.530771
0.85632,37,65.549316
0.79504,54,65.573096
0.77028,61,65.606375
0.82748,45,65.743237
0.81268,49,65.750855
0.83484,43,65.765707
0.83088,44,65.814097
0.84228,41,65.814158
0.84944,39,65.829658
0.80204,52,65.866357
0.8456,40,65.866413
0.83112,44,66.029508
0.83476,43,66.042705
0.83504,43,66.095161
0.83132,44,66.152181
0.75884,64,66.164513
0.82032,47,66.17214
0.78412,57,66.197411
0.76656,62,66.219841
0.81672,48,66.346919
0.82052,47,66.354307
0.82796,45,66.395647
0.84188,41,66.445763
0.82008,47,66.511231
0.79836,53,66.519967
0.79124,55,66.52003
0.78056,58,66.605691
0.84208,41,66.616978
0.84584,40,66.656746
0.79544,54,66.705342
0.82368,46,66.744296
0.83096,44,66.805178
0.82392,46,66.818276
0.81012,50,66.836518
0.81712,48,68.89609
0.8206,47,68.943677
0.79828,53,68.943734
0.80924,50,69.016974
0.82748,45,69.024556
0.83472,43,69.065704
0.82416,46,69.119425
0.86716,34,69.119495
0.79872,53,69.1436
0.83472,43,69.219339
0.80584,51,69.271126
0.84916,39,69.271192
0.80236,52,69.352175
0.81656,48,69.377956
0.84208,41,69.384111
0.83108,44,69.405231
0.84264,41,69.411802
0.78836,56,69.581345
0.79188,55,69.627653
0.78864,56,69.634442
0.82784,45,69.641798
0.83128,44,69.687475
0.81708,48,69.687531
0.82796,45,69.70014
0.79844,53,69.727571
0.87452,32,70.149729
0.87452,32,70.149791
0.87452,32,70.149802
0.87452,32,70.149811
0.87452,32,70.149819
0.87452,32,70.149826
0.87452,32,70.149835
0.87452,32,70.149842
0.86368,35,70.378718
0.83868,42,70.424491
0.83092,44,70.437479
0.82756,45,70.444957
0.82004,47,70.457209
0.81664,48,70.464982
0.8098,50,70.479362
0.80228,52,70.492549
0.831,44,70.663314
0.87468,32,70.684798
0.82748,45,70.717191
0.82756,45,70.737111
0.8236,46,70.737166
0.81352,49,70.775466
0.83108,44,70.775516
0.80964,50,70.789068
0.83812,42,72.817514
0.84924,39,72.832511
0.81656,48,72.839476
0.82772,45,72.892867
0.84216,41,72.904527
0.80232,52,72.938242
0.80224,52,72.976809
0.80596,51,72.984483
0.83152,44,73.123891
0.82372,46,73.123951
0.83116,44,73.131103
0.82732,45,73.203807
0.83124,44,73.233778
0.80196,52,73.241219
0.83476,43,73.269005
0.8314,44,73.281896
0.8312,44,73.416835
0.81272,49,73.445056
0.80948,50,73.452536
0.853,38,73.483801
0.8312,44,73.516262
0.813,49,73.523553
0.82392,46,73.577835
0.80544,51,73.597346
0.83464,43,73.698326
0.83136,44,73.727218
0.82784,45,73.739015
0.83524,43,73.762924
0.82764,45,73.807881
0.81308,49,73.840533
0.83884,42,73.869622
0.78792,56,73.936116
0.86044,36,73.961198
0.8312,44,73.982212
0.8308,44,74.026475
0.83496,43,74.039767
0.8348,43,74.08551
0.8422,41,74.103086
0.82376,46,74.227414
0.777,59,74.24111
0.83452,43,74.254476
0.82372,46,74.254527
0.8242,46,74.316605
0.85296,38,74.324045
0.80944,50,74.353864
0.83864,42,74.366583
0.83488,43,76.436329
0.8276,45,76.451189
0.80944,50,76.458972
0.81328,49,76.466657
0.82064,47,76.528097
0.83852,42,76.548646
0.79852,53,76.607045
0.76956,61,76.627694
0.85672,37,76.698285
0.84208,41,76.722013
0.82428,46,76.741222
0.81992,47,76.773635
0.85996,36,76.787251
0.81292,49,76.851276
0.8384,42,76.902438
0.81672,48,76.922678
0.83832,42,77.02048
0.80236,52,77.066194
0.83476,43,77.072335
0.82376,46,77.078027
0.78452,57,77.078087
0.87816,31,77.525484
0.87816,31,77.525546
0.87816,31,77.525556
0.87816,31,77.525563
0.87816,31,77.525569
0.87816,31,77.525574
0.87816,31,77.52558
0.87816,31,77.525586
0.84916,39,77.88769
0.8422,41,77.899915
0.84184,41,77.899967
0.83828,42,77.905744
0.83464,43,77.912336
0.83096,44,77.920186
0.8204,47,77.939867
0.80588,51,77.967507
0.83828,42,78.164889
0.83844,42,78.179776
0.82412,46,78.193611
0.80964,50,78.206466
0.8168,48,78.214617
0.81656,48,78.249992
0.79896,53,78.264781
0.8166,48,78.278162
0.85628,37,80.342963
0.8208,47,80.384267
0.81656,48,80.401598
0.80252,52,80.401659
0.8238,46,80.408313
0.82408,46,80.45312
0.82748,45,80.460312
0.7922,55,80.500356
0.83484,43,80.621812
0.83476,43,80.660355
0.84564,40,80.667407
0.82088,47,80.70808
0.79128,55,80.761368
0.82028,47,80.769097
0.80984,50,80.782179
0.8094,50,80.82915
0.846,40,80.886305
0.82024,47,80.980071
0.8746,32,80.980136
0.80536,51,80.999392
0.82036,47,81.019899
0.86744,34,81.056028
0.82348,46,81.069761
0.79504,54,81.139237
0.82412,46,81.195621
0.8564,37,81.229232
0.83856,42,81.264939
0.85648,37,81.316704
0.8096,50,81.336639
0.8238,46,81.364871
0.77692,59,81.418126
0.83852,42,81.481409
0.80284,52,81.496266
0.84564,40,81.534707
0.82024,47,81.545883
0.83824,42,81.602411
0.84908,39,81.626869
0.80952,50,81.673286
0.84576,40,81.688759
0.85324,38,81.751245
0.83844,42,81.762062
0.84572,40,81.817448
0.82024,47,81.851951
0.82448,46,81.913645
0.84552,40,81.943126
0.82764,45,81.989664
0.7956,54,81.989724
0.82008,47,83.937133
0.80972,50,83.944272
0.86008,36,83.951855
0.81708,48,84.00438
0.82412,46,84.09061
0.84208,41,84.090672
0.84928,39,84.123237
0.80208,52,84.209071
0.84928,39,84.21528
0.81692,48,84.28417
0.806,51,84.291739
0.83484,43,84.299001
0.83468,43,84.379136
0.79904,53,84.44512
0.8128,49,84.452496
0.8494,39,84.480451
0.83128,44,84.505499
0.86392,35,84.523409
0.83828,42,84.578902
0.81684,48,84.604066
0.84596,40,84.642227
0.86752,34,84.67782
0.88916,28,85.095758
0.88916,28,85.095824
0.88916,28,85.095858
0.88916,28,85.095866
0.88916,28,85.095873
0.88916,28,85.09588
0.88916,28,85.095887
0.88916,28,85.095893
0.84904,39,85.445364
0.84612,40,85.453039
0.84184,41,85.46046
0.8386,42,85.468939
0.83856,42,85.46899
0.82744,45,85.489274
0.82388,46,85.496956
0.8094,50,85.521484
0.85648,37,85.688672
0.84564,40,85.728806
0.82752,45,85.748051
0.84252,41,85.754066
0.83136,44,85.778168
0.79532,54,85.818493
0.77384,60,85.851162
0.80244,52,85.858272
0.82768,45,85.972351
0.8346,43,85.99864
0.83112,44,86.032923
0.81652,48,87.963251
0.80956,50,88.013808
0.82392,46,88.028836
0.81656,48,88.077765
0.80944,50,88.083871
0.82412,46,88.221921
0.7986,53,88.240527
0.86368,35,88.248703
0.82044,47,88.263186
0.83148,44,88.263243
0.80924,50,88.364635
0.82432,46,88.401461
0.78808,56,88.466285
0.83528,43,88.521113
0.84184,41,88.546735
0.8206,47,88.587879
0.799,53,88.608098
0.80236,52,88.608154
0.8384,42,88.654475
0.8528,38,88.722973
0.8172,48,88.732341
0.82388,46,88.834452
0.85268,38,88.847957
0.8274,45,88.855871
0.84904,39,88.877157
0.80592,51,88.962677
0.84188,41,89.009397
0.80644,51,89.009451
0.79516,54,89.103386
0.84564,40,89.111064
0.83136,44,89.14993
0.83484,43,89.149985
0.82748,45,89.184452
0.8314,44,89.257064
0.8422,41,89.279202
0.8242,46,89.314595
0.83464,43,89.397901
0.83128,44,89.397959
0.8456,40,89.451819
0.8204,47,89.46575
0.81332,49,89.478977
0.84928,39,89.576682
0.824,46,89.591895
0.80632,51,89.599867
0.85996,36,91.58775
0.81648,48,91.600657
0.83492,43,91.617404
0.80648,51,91.617457
0.842,41,91.628062
0.82372,46,91.756098
0.81652,48,91.791021
0.80236,52,91.812144
0.85288,38,91.878375
0.83464,43,91.878436
0.83452,43,91.89822
0.82072,47,91.926322
0.795,54,91.939369
0.8166,48,92.111627
0.78848,56,92.131339
0.81668,48,92.131399
0.83168,44,92.16901
0.82384,46,92.204473
0.80624,51,92.215656
0.82128,47,92.238289
0.79216,55,92.307397
0.88548,29,92.689796
0.88548,29,92.689863
0.88548,29,92.689884
0.88548,29,92.689892
0.88548,29,92.689898
0.88548,29,92.689903
0.88548,29,92.689909
0.88548,29,92.689914
0.8674,34,92.926902
0.84232,41,92.975409
0.842,41,92.975464
0.83872,42,92.98138
0.80936,50,93.036526
0.80248,52,93.050981
0.80284,52,93.051036
0.80204,52,93.051046
0.85984,36,93.17348
0.8528,38,93.234177
0.82044,47,93.288342
0.80968,50,93.306562
0.83116,44,93.327274
0.83088,44,93.342863
0.82016,47,93.363751
0.81676,48,93.371981
0.81712,48,93.480091
0.84548,40,93.495843
0.84908,39,93.601488
0.81672,48,93.609327
0.8134,49,93.635777
0.80924,50,93.666683
0.82776,45,93.666727
0.81712,48,95.577963
0.86384,35,95.629598
0.83468,43,95.671661
0.8494,39,95.768006
0.82436,46,95.809928
0.82784,45,95.837188
0.8312,44,95.858285
0.8388,42,95.873928
0.8096,50,95.904366
0.84536,40,95.912957
0.842,41,95.963621
0.85284,38,96.044707
0.84908,39,96.147095
0.82392,46,96.147152
0.84952,39,96.189936
0.81304,49,96.197904
0.83836,42,96.219882
0.80604,51,96.247826
0.8416,41,96.262984
0.84544,40,96.33588
0.85296,38,96.417123
0.85328,38,96.461913
0.82352,46,96.476954
0.83448,43,96.504695
0.842,41,96.555672
0.81304,49,96.596786
0.79564,54,96.603445
0.864,35,96.704644
0.85284,38,96.737996
0.78128,58,96.738061
0.84212,41,96.784439
0.78408,57,96.813304
0.86,36,96.848499
0.81304,49,96.888929
0.83468,43,96.888987
0.8382,42,97.03071
0.80976,50,97.055522
0.84184,41,97.075855
0.8708,33,97.082283
0.78756,56,97.129176
0.82024,47,97.143141
0.82404,46,97.215642
0.82028,47,97.222233
0.86012,36,97.281843
0.83492,43,99.374681
0.80944,50,99.394359
0.81652,48,99.40132
0.84924,39,99.408183
0.82764,45,99.4355
0.86388,35,99.448358
0.85304,38,99.476347
0.83836,42,99.562834
0.86024,36,99.612167
0.86736,34,99.634614
0.8494,39,99.65284
0.83844,42,99.680952
0.85648,37,99.681012
0.85308,38,99.728737
0.82,47,99.76083
0.83124,44,99.846628
0.8532,38,99.862601
0.85652,37,99.902908
0.8164,48,99.963115
0.83844,42,99.972256
0.83468,43,99.982144
0.84588,40,100.013235
0.89272,27,100.421762
0.89272,27,100.421819
0.89272,27,100.421831
0.89272,27,100.421839
0.89272,27,100.421846
0.89272,27,100.421852
0.89272,27,100.421859
0.89272,27,100.421867
0.8638,35,100.754544
0.86028,36,100.762981
0.85644,37,100.769821
0.84912,39,100.785115
0.84204,41,100.80003
0.8388,42,100.807709
0.83464,43,100.815463
0.82748,45,100.830762
0.8746,32,100.983271
0.85272,38,101.017831
0.84556,40,101.061154
0.86012,36,101.061215
0.8454,40,101.075107
0.849,39,101.093894
0.83484,43,101.100611
0.8134,49,101.107735
0.85652,37,101.265162
0.82772,45,101.287978
0.87096,33,101.296
0.84188,41,101.33429
0.86008,36,101.334349
0.83488,43,101.347392
0.83864,42,101.387788
0.82056,47,101.417984
0.86008,36,101.527689
0.83484,43,101.544903
0.86024,36,101.566028
0.83116,44,103.588214
0.83816,42,103.62601
0.85304,38,103.654659
0.81688,48,103.683899
0.83852,42,103.714259
0.83828,42,103.818051
0.8456,40,103.82645
0.84544,40,103.847035
0.86376,35,103.85423
0.84572,40,103.854274
0.85316,38,103.900482
0.8526,38,103.928865
0.83088,44,103.998741
0.87132,33,104.041103
0.86012,36,104.069679
0.8422,41,104.128924
0.83828,42,104.144797
0.82772,45,104.167899
0.83164,44,104.21176
0.79884,53,104.296318
0.82408,46,104.322527
0.82824,45,104.36466
0.86032,36,104.400492
0.81304,49,104.424084
0.8352,43,104.440564
0.83852,42,104.462577
0.84928,39,104.481898
0.86728,34,104.569947
0.84916,39,104.588671
0.84912,39,104.689714
0.82784,45,104.695951
0.86388,35,104.696006
0.85272,38,104.743557
0.81996,47,104.763398
0.83836,42,104.791329
0.85264,38,104.847429
0.85624,37,104.857302
0.85256,38,104.972949
0.83828,42,105.007344
0.83824,42,105.007384
0.87084,33,105.052853
0.83132,44,105.083853
0.842,41,105.083891
0.83844,42,105.18317
0.82792,45,105.219648
0.87096,33,105.247505
0.84232,41,105.352816
0.87476,32,105.352855
0.86,36,105.352866
0.8346,43,105.371934
0.83832,42,105.425242
0.84568,40,107.462307
0.84212,41,107.494991
0.82732,45,107.543528
0.86008,36,107.570267
0.85664,37,107.578026
0.86384,35,107.57808
0.84912,39,107.594289
0.82376,46,107.716605
0.85336,38,107.733134
0.81648,48,107.83824
0.85308,38,107.846318
0.84576,40,107.863679
0.84176,41,107.871481
0.8456,40,107.877262
0.81304,49,107.890106
0.83104,44,108.038872
0.89272,27,108.408896
0.89272,27,108.408955
0.89272,27,108.408968
0.89272,27,108.408974
0.89272,27,108.40898
0.89272,27,108.408986
0.89272,27,108.408992
0.89272,27,108.408998
0.86024,36,108.645989
0.86008,36,108.646054
0.86008,36,108.646068
0.85996,36,108.646075
0.84552,40,108.672371
0.84228,41,108.678993
0.82752,45,108.706788
0.82768,45,108.706841
0.8714,33,108.865026
0.8674,34,108.873315
0.8348,43,108.934156
0.86716,34,108.934207
0.86352,35,108.940179
0.84572,40,108.949293
0.81368,49,108.974901
0.82752,45,108.974952
0.849,39,109.126042
0.84192,41,109.146401
0.84908,39,109.196773
0.84928,39,109.208214
0.85296,38,109.226893
0.83512,43,109.226943
0.8456,40,109.240011
0.8058,51,109.270225
0.86032,36,109.359768
0.84908,39,109.400649
0.87092,33,109.420314
0.83456,43,109.47083
0.84944,39,109.478763
0.846,40,109.485075
0.86008,36,109.508763
0.83104,44,111.42987
0.86764,34,111.53278
0.82052,47,111.580743
0.83136,44,111.622501
0.85316,38,111.635404
0.85648,37,111.665443
0.82768,45,111.695981
0.83872,42,111.728332
0.81316,49,111.736682
0.84944,39,111.807575
0.85288,38,111.885863
0.86736,34,111.901433
0.81688,48,111.917934
0.83484,43,111.938587
0.87464,32,111.945755
0.85276,38,111.962043
0.84912,39,112.001617
0.86376,35,112.053562
0.86388,35,112.136881
0.86396,35,112.164412
0.82748,45,112.216505
0.83456,43,112.257833
0.82024,47,112.273964
0.80612,51,112.292825
0.81688,48,112.337451
0.83856,42,112.343865
0.86016,36,112.38389
0.853,38,112.42343
0.8526,38,112.478243
0.86732,34,112.509725
0.86008,36,112.509782
0.8314,44,112.606408
0.85288,38,112.606469
0.85624,37,112.606481
0.87092,33,112.619579
0.84204,41,112.711827
0.87088,33,112.738258
0.85284,38,112.744064
0.86004,36,112.758293
0.85648,37,112.855092
0.83832,42,112.888241
0.83516,43,112.909183
0.82412,46,112.917365
0.86016,36,112.956858
0.86028,36,113.002236
0.853,38,113.002292
0.8422,41,113.015224
0.85272,38,113.107551
0.85664,37,113.138659
0.86744,34,113.144579
0.84236,41,113.187947
0.85704,37,115.322537
0.8274,45,115.330628
0.84544,40,115.343678
0.83832,42,115.371138
0.86388,35,115.447145
0.8528,38,115.475103
0.83536,43,115.47516
0.86012,36,115.504997
0.8638,35,115.564532
0.84928,39,115.596041
0.84604,40,115.645518
0.82792,45,115.651309
0.8634,35,115.709073
0.85288,38,115.732185
0.81756,48,115.7719
0.88916,28,116.18498
0.88916,28,116.185039
0.88916,28,116.18505
0.88916,28,116.185057
0.88916,28,116.185064
0.88916,28,116.18507
0.88916,28,116.185076
0.88916,28,116.185082
0.87456,32,116.444071
0.87116,33,116.452494
0.86744,34,116.461431
0.86744,34,116.461484
0.85644,37,116.483142
0.84908,39,116.498655
0.84928,39,116.498712
0.8458,40,116.505673
0.85628,37,116.724771
0.8566,37,116.732953
0.86032,36,116.733007
0.86372,35,116.749769
0.85652,37,116.775516
0.83172,44,116.7884
0.84912,39,116.796217
0.84236,41,116.804423
0.85632,37,116.996466
0.8602,36,116.996552
0.84172,41,117.035416
0.83912,42,117.057482
0.85636,37,117.066397
0.84568,40,117.074672
0.85636,37,117.083198
0.84908,39,117.092134
0.85276,38,117.287609
0.84568,40,117.303441
0.86744,34,117.342946
0.8456,40,117.360346
0.8314,44,117.366283
0.85288,38,117.375068
0.83116,44,117.394585
0.83536,43,117.394641
0.87452,32,117.51453
0.86016,36,119.612292
0.86392,35,119.678787
0.84248,41,119.694284
0.86744,34,119.701506
0.86396,35,119.711189
0.84932,39,119.721011
0.82744,45,119.754031
0.86728,34,119.841476
0.85644,37,119.917927
0.86716,34,119.956194
0.85984,36,119.999947
0.8528,38,120.00778
0.86008,36,120.042341
0.84588,40,120.042406
0.83108,44,120.051133
0.8496,39,120.153267
0.849,39,120.225976
0.86,36,120.242635
0.8638,35,120.318142
0.84556,40,120.318192
0.83456,43,120.352542
0.84932,39,120.359905
0.83128,44,120.392917
0.85672,37,120.455783
0.86368,35,120.527494
0.82744,45,120.593186
0.87476,32,120.617966
0.84576,40,120.648268
0.86008,36,120.656599
0.83124,44,120.678915
0.85632,37,120.750978
0.8166,48,120.78486
0.84548,40,120.846393
0.85684,37,120.885826
0.86024,36,120.941487
0.83112,44,120.963952
0.84568,40,120.964001
0.8418,41,121.003034
0.88204,30,121.018875
0.84924,39,121.056838
0.85996,36,121.122032
0.86356,35,121.209134
0.88172,30,121.232967
0.82784,45,121.233027
0.85264,38,121.254965
0.84572,40,121.270796
0.84912,39,121.315618
0.8454,40,121.358629
0.8492,39,121.41729
0.8642,35,121.46767
0.85292,38,121.512595
0.85632,37,121.527151
0.84564,40,121.527204
0.84548,40,121.565523
0.86008,36,121.581125
0.84572,40,123.745292
0.85288,38,123.7811
0.8636,35,123.805733
0.83836,42,123.906318
0.84204,41,123.914337
0.86008,36,123.928282
0.831,44,123.936444
0.83856,42,123.959668
0.85272,38,124.012449
0.86356,35,124.061654
0.84556,40,124.068935
0.87472,32,124.134535
0.88552,29,124.584897
0.88552,29,124.584958
0.88552,29,124.584968
0.88552,29,124.584977
0.88552,29,124.584984
0.88552,29,124.584993
0.88552,29,124.584999
0.88552,29,124.585005
0.86728,34,124.822757
0.86364,35,124.829985
0.85292,38,124.853159
0.84948,39,124.859262
0.84552,40,124.865076
0.83856,42,124.878317
0.83128,44,124.891572
0.81312,49,124.925111
0.8746,32,125.036199
0.85996,36,125.054098
0.86736,34,125.068832
0.86012,36,125.106419
0.85292,38,125.134227
0.83448,43,125.142818
0.82392,46,125.156938
0.85308,38,125.173054
0.85308,38,125.304922
0.8496,39,125.330154
0.853,38,125.338392
0.86404,35,125.356483
0.8564,37,125.398999
0.83868,42,125.441081
0.83872,42,125.469999
0.828,45,125.479504
0.8638,35,125.581342
0.83476,43,125.610647
0.84232,41,125.632332
0.84908,39,125.639826
0.86752,34,125.647915
0.85332,38,125.723677
0.86,36,125.746317
0.85656,37,125.746372
0.8422,41,125.901271
0.84228,41,125.930361
0.85292,38,125.943626
0.84228,41,125.95112
0.84244,41,127.904519
0.87088,33,127.926379
0.85308,38,127.984387
0.84924,39,127.992187
0.86732,34,128.087545
0.86376,35,128.144909
0.84908,39,128.153142
0.86376,35,128.153198
0.86384,35,128.173728
0.85996,36,128.241742
0.806,51,128.256632
0.83488,43,128.297421
0.86008,36,128.352398
0.871,33,128.395645
0.85628,37,128.425203
0.82432,46,128.488421
0.83836,42,128.488477
0.85284,38,128.519112
0.83132,44,128.581242
0.86044,36,128.61901
0.83108,44,128.625716
0.8604,36,128.693095
0.87096,33,128.73472
0.86376,35,128.7514
0.82124,47,128.751458
0.8494,39,128.819433
0.85296,38,128.873976
0.849,39,128.924993
0.83828,42,128.939256
0.87076,33,128.997046
0.83848,42,129.008402
0.85668,37,129.020367
0.82772,45,129.054187
0.85632,37,129.074404
0.87112,33,129.14255
0.84188,41,129.150774
0.86032,36,129.2498
0.82136,47,129.257124
0.83832,42,129.310737
0.82076,47,129.318252
0.8386,42,129.35489
0.83848,42,129.374791
0.83512,43,129.454961
0.80604,51,129.504453
0.86024,36,129.512536
0.85284,38,129.518654
0.85256,38,129.57621
0.8492,39,129.593292
0.8528,38,129.623025
0.83824,42,129.692461
0.8458,40,129.77511
0.84224,41,131.827028
0.846,40,131.835453
0.87084,33,131.856042
0.82732,45,131.863454
0.8532,38,131.877459
0.85664,37,131.909386
0.8602,36,131.951464
0.86392,35,132.010478
0.84944,39,132.099698
0.8566,37,132.107222
0.83132,44,132.129358
0.88552,29,132.602518
0.88552,29,132.602582
0.88552,29,132.602595
0.88552,29,132.602605
0.88552,29,132.602612
0.88552,29,132.602619
0.88552,29,132.602625
0.88552,29,132.602631
0.86376,35,132.849589
0.86368,35,132.849659
0.85684,37,132.864405
0.85668,37,132.864461
0.85284,38,132.872519
0.84936,39,132.880074
0.84932,39,132.880131
0.84208,41,132.895696
0.85308,38,133.117007
0.84908,39,133.123661
0.86044,36,133.132545
0.86032,36,133.132606
0.84928,39,133.147259
0.8564,37,133.159898
0.83092,44,133.190013
0.81708,48,133.222736
0.86728,34,133.38802
0.86364,35,133.39619
0.83868,42,133.429856
0.82436,46,133.460107
0.86388,35,133.460172
0.8458,40,133.467552
0.82772,45,133.480694
0.82044,47,133.487022
0.87464,32,133.614049
0.8636,35,133.627597
0.87816,31,133.672669
0.85292,38,133.687508
0.86372,35,133.700142
0.8346,43,133.760986
0.83516,43,133.782513
0.82048,47,133.799687
0.85996,36,133.853011
0.8422,41,133.896789
0.86384,35,133.915821
0.84952,39,133.928528
0.84208,41,133.965327
0.84944,39,134.006653
0.85312,38,136.015486
0.83472,43,136.027215
0.82412,46,136.115687
0.84192,41,136.129225
0.84928,39,136.137208
0.86036,36,136.17006
0.86372,35,136.206053
0.81384,49,136.212246
0.87084,33,136.225479
0.8494,39,136.273255
0.85284,38,136.361845
0.85276,38,136.373404
0.86028,36,136.398241
0.84188,41,136.398293
0.86728,34,136.424628
0.8708,33,136.424708
0.85292,38,136.468493
0.85316,38,136.516568
0.87108,33,136.603773
0.83472,43,136.62607
0.86752,34,136.632468
0.83848,42,136.632518
0.8526,38,136.632527
0.86368,35,136.638305
0.86752,34,136.674955
0.85672,37,136.737752
0.87088,33,136.799628
0.8674,34,136.832398
0.8566,37,136.843841
0.86016,36,136.843904
0.85324,38,136.857254
0.84912,39,136.870856
0.82788,45,136.941812
0.8532,38,136.964975
0.85296,38,137.021011
0.86724,34,137.045025
0.87432,32,137.058738
0.85272,38,137.069701
0.83872,42,137.082422
0.81992,47,137.139441
0.84588,40,137.18602
0.8566,37,137.191919
0.85668,37,137.253284
0.85672,37,137.289633
0.85628,37,137.302519
0.8638,35,137.30257
0.8422,41,137.30258
0.85284,38,137.373737
0.871,33,137.391854
0.83464,43,137.446123
0.85268,38,137.483365
0.86732,34,137.509899
0.86396,35,137.516063
0.8638,35,137.516121
0.85644,37,137.516131
0.86384,35,139.551295
0.84932,39,139.559144
0.84556,40,139.650385
0.86376,35,139.692284
0.85716,37,139.706655
0.85316,38,139.706709
0.85676,37,139.70672
0.82396,46,139.73576
0.88556,29,140.230882
0.88556,29,140.230944
0.88556,29,140.230955
0.88556,29,140.230964
0.88556,29,140.230971
0.88556,29,140.230978
0.88556,29,140.230985
0.88556,29,140.230991
0.87468,32,140.458642
0.8636,35,140.480921
0.86016,36,140.487506
0.86016,36,140.487568
0.8566,37,140.495263
0.8458,40,140.516546
0.84608,40,140.5166
0.83848,42,140.530242
0.86392,35,140.692991
0.86024,36,140.718581
0.86388,35,140.718637
0.86376,35,140.726289
0.86744,34,140.73893
0.86368,35,140.745667
0.86728,34,140.753852
0.82768,45,140.790053
0.87816,31,140.934212
0.86004,36,140.941677
0.8784,31,140.941728
0.84208,41,141.010863
0.84924,39,141.018521
0.86752,34,141.036775
0.8382,42,141.057239
0.842,41,141.057327
0.871,33,141.219741
0.83856,42,141.299305
0.8674,34,141.305941
0.8278,45,141.321726
0.86008,36,141.331379
0.87108,33,141.337796
0.85644,37,141.360563
0.85628,37,141.377606
0.85644,37,141.512452
0.86372,35,141.578087
0.86772,34,141.594196
0.87468,32,141.627063
0.8418,41,141.636581
0.85288,38,141.636646
0.8422,41,141.676354
0.84216,41,141.689088
0.87472,32,141.84502
0.83112,44,141.861746
0.84936,39,144.143362
0.85648,37,144.174342
0.85652,37,144.183793
0.86372,35,144.200854
0.8672,34,144.209171
0.82376,46,144.254549
0.86384,35,144.385735
0.84596,40,144.408321
0.87088,33,144.42899
0.846,40,144.442536
0.86388,35,144.46361
0.84948,39,144.463692
0.85668,37,144.469458
0.8564,37,144.517174
0.86008,36,144.631475
0.8746,32,144.647374
0.86044,36,144.701659
0.84196,41,144.701717
0.87092,33,144.70891
0.85316,38,144.741839
0.84236,41,144.766527
0.8638,35,144.782425
0.87088,33,144.878114
0.86736,34,144.900672
0.86736,34,144.945064
0.85316,38,144.983945
0.84588,40,144.991094
0.8564,37,145.025251
0.84596,40,145.025317
0.85292,38,145.045068
0.8494,39,145.170665
0.85632,37,145.182813
0.87104,33,145.198683
0.86392,35,145.247744
0.86004,36,145.261034
0.87816,31,145.261096
0.86356,35,145.290027
0.8636,35,145.310862
0.86372,35,145.421902
0.86372,35,145.443589
0.857,37,145.443653
0.86384,35,145.503287
0.85996,36,145.510728
0.85316,38,145.510795
0.84552,40,145.576763
0.83104,44,145.582841
0.8712,33,145.666806
0.86788,34,145.674322
0.84936,39,145.687245
0.86736,34,145.738281
0.8602,36,145.745847
0.84952,39,145.770141
0.8492,39,145.842952
0.83836,42,145.874331
0.87824,31,145.88214
0.8528,38,145.91942
0.86032,36,145.92703
0.84196,41,148.053952
0.83828,42,148.054007
0.84916,39,148.07341
0.8602,36,148.182279
0.88556,29,148.618341
0.88556,29,148.618407
0.88556,29,148.618429
0.88556,29,148.618437
0.88556,29,148.618444
0.88556,29,148.61845
0.88556,29,148.618456
0.88556,29,148.618462
0.87452,32,148.887368
0.86724,34,148.904355
0.8674,34,148.904414
0.86408,35,148.912442
0.85288,38,148.934468
0.853,38,148.934522
0.849,39,148.941704
0.83152,44,148.98273
0.87096,33,149.159907
0.87104,33,149.167471
0.87476,32,149.179709
0.85664,37,149.186872
0.84232,41,149.201068
0.86008,36,149.207516
0.8528,38,149.225909
0.86016,36,149.244831
0.87108,33,149.38985
0.85332,38,149.400189
0.86724,34,149.41571
0.84576,40,149.423757
0.85308,38,149.423811
0.86744,34,149.42382
0.8672,34,149.444502
0.87476,32,149.452216
0.87096,33,149.663541
0.85296,38,149.685949
0.86388,35,149.686002
0.8462,40,149.693904
0.86008,36,149.693957
0.86004,36,149.693969
0.86736,34,149.701359
0.86016,36,149.720871
0.86732,34,149.884273
0.87832,31,149.890005
0.8676,34,149.908045
0.85652,37,149.922759
0.85284,38,149.928941
0.86356,35,149.939821
0.84932,39,149.949565
0.82388,46,149.985522
0.8636,35,150.101953
0.84936,39,150.130591
0.87104,33,150.130641
0.85668,37,150.136868
0.86736,34,150.156832
0.84948,39,150.162675
0.87476,32,150.182075
0.83856,42,150.200754
0.87836,31,152.562464
0.85656,37,152.571685
0.86736,34,152.586242
0.87824,31,152.59477
0.85656,37,152.624065
0.84948,39,152.673831
0.85644,37,152.70275
0.84196,41,152.711199
0.8782,31,152.799213
0.86044,36,152.840165
0.86376,35,152.85259
0.87096,33,152.860481
0.84572,40,152.881337
0.86724,34,152.908313
0.8674,34,152.933814
0.85988,36,152.954176
0.87084,33,153.055683
0.84556,40,153.062665
0.86728,34,153.077465
0.86356,35,153.111669
0.842,41,153.133027
0.84192,41,153.181429
0.85656,37,153.204021
0.8386,42,153.219602
0.87092,33,153.294993
0.8674,34,153.30875
0.86364,35,153.328716
0.87456,32,153.36186
0.83116,44,153.413913
0.86032,36,153.427287
0.86364,35,153.451875
0.84212,41,153.477304
0.87452,32,153.533021
0.85652,37,153.533081
0.86016,36,153.600664
0.82816,45,153.607381
0.8528,38,153.701753
0.83848,42,153.718378
0.85636,37,153.726043
0.8566,37,153.762489
0.8528,38,153.827382
0.86744,34,153.868038
0.83172,44,153.8681
0.86012,36,153.874136
0.86004,36,153.960322
0.85264,38,153.993787
0.84948,39,153.993845
0.84192,41,154.045367
0.87132,33,154.051482
0.86028,36,154.112573
0.84564,40,154.133729
0.83496,43,154.155522
0.87856,31,154.169769
0.86748,34,154.216743
0.849,39,156.326826
0.85292,38,156.381153
0.84568,40,156.388851
0.89272,27,156.889907
0.89272,27,156.889963
0.89272,27,156.889973
0.89272,27,156.88998
0.89272,27,156.889987
0.89272,27,156.889993
0.89272,27,156.889998
0.89272,27,156.890003
0.88912,28,157.08561
0.87828,31,157.102695
0.8746,32,157.110454
0.87092,33,157.116591
0.86368,35,157.130143
0.85324,38,157.15017
0.849,39,157.155876
0.83488,43,157.181307
0.8638,35,157.314615
0.88552,29,157.321472
0.8746,32,157.327661
0.86028,36,157.340681
0.87464,32,157.358927
0.83148,44,157.399382
0.85272,38,157.432307
0.81296,49,157.478368
0.8782,31,157.525789
0.85988,36,157.564459
0.85276,38,157.564507
0.85652,37,157.584746
0.86372,35,157.590097
0.87116,33,157.616454
0.87092,33,157.654995
0.87108,33,157.703561
0.86768,34,157.76085
0.8674,34,157.801252
0.86368,35,157.807177
0.8672,34,157.822578
0.86736,34,157.829028
0.86016,36,157.866093
0.86016,36,157.899335
0.87096,33,157.92625
0.86764,34,157.984065
0.88184,30,158.003272
0.87832,31,158.003313
0.86016,36,158.057838
0.88176,30,158.063949
0.8532,38,158.07673
0.87472,32,158.135512
0.86032,36,158.135573
0.87476,32,158.19836
0.87092,33,158.227215
0.85304,38,158.264263
0.87092,33,158.28489
0.8712,33,158.292906
0.87812,31,158.292968
0.86036,36,158.382777
0.85648,37,158.390551
0.86752,34,158.430165
0.87452,32,158.443254
0.88528,29,158.45643
0.8528,38,160.456031
0.84564,40,160.463722
0.84936,39,160.463748
0.87104,33,160.518938
0.85652,37,160.55384
0.87812,31,160.569339
0.88184,30,160.576667
0.8638,35,160.585616
0.8712,33,160.684977
0.86748,34,160.700661
0.86384,35,160.708517
0.87096,33,160.780284
0.864,35,160.805723
0.86016,36,160.820913
0.82788,45,160.828296
0.85672,37,160.833817
0.87104,33,160.927531
0.84924,39,160.947654
0.85656,37,160.947705
0.87464,32,160.992551
0.86364,35,161.040268
0.87824,31,161.040315
0.85304,38,161.082087
0.83808,42,161.102233
0.87448,32,161.162037
0.85996,36,161.170299
0.857,37,161.196992
0.87452,32,161.211211
0.8818,30,161.245428
0.87092,33,161.263968
0.87484,32,161.296315
0.8712,33,161.323943
0.87832,31,161.378151
0.8638,35,161.399696
0.85304,38,161.453006
0.87104,33,161.466527
0.84208,41,161.486587
0.86744,34,161.49424
0.8818,30,161.501786
0.86004,36,161.564495
0.8818,30,161.576378
0.86408,35,161.633204
0.86356,35,161.685481
0.8818,30,161.685547
0.87824,31,161.699088
0.86024,36,161.736183
0.835,43,161.748991
0.87828,31,161.78363
0.86728,34,161.789718
0.86764,34,161.857206
0.88196,30,161.883977
0.87464,32,161.904798
0.86004,36,161.916932
0.85992,36,161.972507
0.86388,35,161.980104
0.86756,34,162.015082
0.85644,37,162.028572
0.87488,32,162.07022
0.86024,36,162.124508
0.85996,36,164.086354
0.86004,36,164.105892
0.89264,27,164.479393
0.89264,27,164.479456
0.89264,27,164.479466
0.89264,27,164.479476
0.89264,27,164.479484
0.89264,27,164.47949
0.89264,27,164.479495
0.89264,27,164.479501
0.8782,31,164.717281
0.8782,31,164.717336
0.87448,32,164.725833
0.87484,32,164.72588
0.87464,32,164.725891
0.87096,33,164.733891
0.871,33,164.733938
0.8564,37,164.760402
0.87472,32,164.949631
0.87484,32,164.955801
0.8746,32,164.955856
0.87464,32,164.955867
0.87108,33,164.971998
0.8642,35,164.98772
0.84924,39,165.00149
0.84256,41,165.061124
0.88196,30,165.175186
0.8782,31,165.175246
0.86364,35,165.214237
0.8712,33,165.230229
0.85648,37,165.230279
0.86376,35,165.230288
0.86364,35,165.263819
0.86748,34,165.312391
0.88544,29,165.395794
0.85668,37,165.450932
0.889,28,165.466427
0.87456,32,165.466489
0.86744,34,165.466502
0.86736,34,165.48147
0.85644,37,165.503976
0.87452,32,165.545062
0.85656,37,165.664646
0.87436,32,165.707572
0.8638,35,165.716397
0.87084,33,165.71645
0.87452,32,165.724233
0.86372,35,165.731904
0.85664,37,165.78606
0.86376,35,165.81678
0.88544,29,165.88743
0.87816,31,165.937541
0.86728,34,165.963404
0.87092,33,165.963457
0.87112,33,165.971359
0.835,43,166.033487
0.85648,37,166.056155
0.85652,37,166.087065
0.84928,39,166.174566
0.86364,35,166.199961
0.86728,34,166.231125
0.86372,35,166.231177
0.86028,36,166.239418
0.85636,37,166.312847
0.86368,35,166.322273
0.87452,32,166.329406
0.86732,34,168.440758
0.87464,32,168.448559
0.87844,31,168.472828
0.8746,32,168.479403
0.87452,32,168.485207
0.87816,31,168.546215
0.87816,31,168.560338
0.86744,34,168.572978
0.88908,28,168.633913
0.87116,33,168.675952
0.86732,34,168.703075
0.86736,34,168.717098
0.8638,35,168.717151
0.87448,32,168.774401
0.87468,32,168.788997
0.85276,38,168.801592
0.8782,31,168.844296
0.87104,33,168.922915
0.8782,31,168.92297
0.87488,32,168.929649
0.84944,39,168.937099
0.87452,32,168.989155
0.8708,33,169.007254
0.8746,32,169.015992
0.88188,30,169.042229
0.88188,30,169.132043
0.86004,36,169.167613
0.85668,37,169.175553
0.86004,36,169.181227
0.87128,33,169.216802
0.87096,33,169.239797
0.86368,35,169.286781
0.84584,40,169.294252
0.8784,31,169.345473
0.87824,31,169.375706
0.8818,30,169.375768
0.87116,33,169.401742
0.86728,34,169.443552
0.871,33,169.456299
0.88908,28,169.477311
0.86728,34,169.510411
0.88168,30,169.543724
0.86376,35,169.608903
0.85292,38,169.630189
0.88192,30,169.642422
0.85296,38,169.655036
0.87112,33,169.676272
0.87448,32,169.689145
0.86768,34,169.772122
0.84212,41,169.787188
0.88188,30,169.813492
0.86736,34,169.86035
0.87468,32,169.872671
0.8604,36,169.887216
0.8714,33,169.899553
0.87476,32,169.905807
0.86732,34,169.999495
0.86732,34,170.014411
0.87452,32,170.027658
0.89272,27,170.422076
0.89272,27,170.422131
0.89272,27,170.422145
0.89272,27,170.422152
0.89272,27,170.422159
0.89272,27,170.422165
0.89272,27,170.422171
0.89272,27,170.422176
0.87816,31,172.595112
0.87472,32,172.603323
0.87476,32,172.60338
0.8712,33,172.61179
0.86388,35,172.623767
0.86052,36,172.631994
0.8566,37,172.639993
0.84584,40,172.662187
0.88548,29,172.814742
0.88916,28,172.828751
0.87464,32,172.843392
0.86376,35,172.849405
0.86404,35,172.855123
0.8748,32,172.868616
0.86736,34,172.876168
0.87484,32,172.889716
0.87452,32,173.036447
0.86748,34,173.06658
0.86732,34,173.089274
0.88184,30,173.089329
0.87124,33,173.089339
0.88184,30,173.103137
0.86756,34,173.111122
0.85308,38,173.111178
0.88212,30,173.246166
0.87104,33,173.294756
0.87468,32,173.305611
0.86724,34,173.31749
0.864,35,173.323098
0.86752,34,173.328813
0.86728,34,173.336078
0.85292,38,173.367541
0.87824,31,173.460361
0.89264,27,173.514629
0.88176,30,173.514699
0.8604,36,173.544932
0.87096,33,173.552901
0.87824,31,173.561102
0.86728,34,173.575164
0.87104,33,173.601855
0.8854,29,173.66419
0.87088,33,173.746378
0.88912,28,173.746438
0.86744,34,173.755193
0.8854,29,173.773665
0.86748,34,173.782401
0.87116,33,173.789688
0.86736,34,173.837684
0.86764,34,173.89891
0.87112,33,173.970501
0.87816,31,173.983755
0.88188,30,173.99154
0.86012,36,173.997097
0.8494,39,174.011747
0.86,36,174.026705
0.8388,42,174.119318
0.86024,36,174.139057
0.882,30,174.172046
0.86752,34,174.213942
0.86388,35,176.104758
0.85648,37,176.113637
0.86024,36,176.14391
0.8498,39,176.151816
0.87456,32,176.2185
0.871,33,176.249344
0.87848,31,176.271088
0.87472,32,176.344527
0.87836,31,176.344588
0.88548,29,176.358214
0.85672,37,176.358262
0.86384,35,176.409705
0.87472,32,176.450234
0.87488,32,176.480783
0.8818,30,176.489738
0.87448,32,176.572386
0.87088,33,176.591826
0.87112,33,176.591877
0.85316,38,176.612023
0.87468,32,176.65148
0.88176,30,176.721187
0.85292,38,176.766242
0.86368,35,176.782672
0.88572,29,176.856269
0.87092,33,176.862751
0.87832,31,176.871609
0.87092,33,176.910763
0.84924,39,176.998243
0.871,33,177.013391
0.86364,35,177.058949
0.8564,37,177.08564
0.88196,30,177.10118
0.8748,32,177.130488
0.86008,36,177.151654
0.8854,29,177.202913
0.84576,40,177.216693
0.88552,29,177.216746
0.87452,32,177.274342
0.88168,30,177.285542
0.88544,29,177.320571
0.85284,38,177.354665
0.87828,31,177.354723
0.8854,29,177.395037
0.88532,29,177.410311
0.86748,34,177.442975
0.87096,33,177.492045
0.87468,32,177.499611
0.88176,30,177.520017
0.87444,32,177.566059
0.86732,34,177.57902
0.88176,30,177.592354
0.87456,32,177.616486
0.87096,33,177.656038
0.87464,32,177.703755
0.86748,34,177.724637
0.85644,37,177.76443
0.8854,29,177.784049
0.86364,35,177.799604
0.88904,28,178.148405
0.88904,28,178.148465
0.88904,28,178.14848
0.88904,28,178.148488
0.88904,28,178.148494
0.88904,28,178.148503
0.88904,28,178.148508
0.88904,28,178.148514
0.8854,29,180.272751
0.88188,30,180.281003
0.8782,31,180.2888
0.87832,31,180.288829
0.87108,33,180.302642
0.87096,33,180.302696
0.86744,34,180.3087
0.86744,34,180.308758
0.88908,28,180.45889
0.87828,31,180.465075
0.8746,32,180.481092
0.87836,31,180.481151
0.88548,29,180.481161
0.87464,32,180.503467
0.87464,32,180.509402
0.82404,46,180.593841
0.88168,30,180.650681
0.8674,34,180.680878
0.86376,35,180.697695
0.86032,36,180.703897
0.87112,33,180.703955
0.85652,37,180.709531
0.86736,34,180.715645
0.87812,31,180.784991
0.86732,34,180.858949
0.8746,32,180.87526
0.87828,31,180.893896
0.88176,30,180.893947
0.8782,31,180.893956
0.87456,32,180.893966
0.87452,32,180.911976
0.8746,32,180.975605
0.88548,29,181.048087
0.89276,27,181.054008
0.86728,34,181.060146
0.88552,29,181.066154
0.88188,30,181.071916
0.87484,32,181.085462
0.8746,32,181.104344
0.88176,30,181.161563
0.88908,28,181.244336
0.87828,31,181.244389
0.8782,31,181.255747
0.87112,33,181.263989
0.8854,29,181.270411
0.8856,29,181.287108
0.84608,40,181.318512
0.87456,32,181.352646
0.87448,32,181.432065
0.87476,32,181.446796
0.87108,33,181.461432
0.8746,32,181.461489
0.86016,36,181.461499
0.87452,32,181.47952
0.88188,30,181.500993
0.87104,33,181.550814
0.87448,32,181.620777
0.88556,29,181.629602
0.88176,30,181.636998
0.87112,33,181.643315
0.87816,31,181.643362
0.86736,34,181.677157
0.88172,30,181.677213
0.88172,30,181.736178
0.8854,29,183.663783
0.87828,31,183.672901
0.8746,32,183.672955
0.8818,30,183.682283
0.87832,31,183.690863
0.88208,30,183.727416
0.88184,30,183.727475
0.87108,33,183.807318
0.8926,27,183.859695
0.88548,29,183.875367
0.88184,30,183.875423
0.8854,29,183.889971
0.86736,34,183.925112
0.88176,30,183.938892
0.8784,31,183.947083
0.88196,30,184.020387
0.88196,30,184.076048
0.88192,30,184.089889
0.88556,29,184.097257
0.87472,32,184.105284
0.88544,29,184.124728
0.88188,30,184.143659
0.87824,31,184.157137
0.88912,28,184.207257
0.889,28,184.278349
0.88548,29,184.294007
0.88548,29,184.299947
0.871,33,184.299994
0.87128,33,184.348781
0.8818,30,184.348847
0.8782,31,184.369868
0.88544,29,184.41298
0.88916,28,184.488152
0.87836,31,184.496156
0.87828,31,184.518385
0.87852,31,184.518434
0.88184,30,184.556679
0.88564,29,184.5696
0.8746,32,184.569653
0.88176,30,184.617024
0.87824,31,184.701949
0.88196,30,184.702002
0.88544,29,184.715501
0.87824,31,184.726737
0.89264,27,184.749947
0.88196,30,184.757982
0.88192,30,184.773588
0.88192,30,184.823499
0.88192,30,184.903864
0.88196,30,184.903928
0.88188,30,184.915508
0.88188,30,184.929069
0.88188,30,184.967905
0.87444,32,184.973999
0.87096,33,184.998423
0.87824,31,185.03216
0.8856,29,185.097201
0.88184,30,185.11512
0.8714,33,185.121784
0.86744,34,185.153033
0.88932,28,185.153088
0.87816,31,185.167517
0.8926,27,185.51927
0.8926,27,185.519331
0.8926,27,185.519344
0.8926,27,185.519351
0.8926,27,185.519358
0.8926,27,185.519364
0.8926,27,185.51937
0.8926,27,185.519375
0.88904,28,185.712955
0.88552,29,185.71904
0.8854,29,185.719096
0.8818,30,185.727328
0.88192,30,185.727387
0.88188,30,185.727396
0.87836,31,185.735381
0.8786,31,185.735427
0.8854,29,187.787467
0.8854,29,187.796788
0.889,28,187.796838
0.882,30,187.804791
0.88548,29,187.804841
0.88556,29,187.810763
0.88188,30,187.819054
0.8782,31,187.819113
0.88912,28,187.987825
0.88904,28,187.993569
0.889,28,187.999582
0.88908,28,188.007663
0.88172,30,188.015633
0.87824,31,188.01569
0.88552,29,188.025185
0.88188,30,188.031606
0.88556,29,188.204984
0.8854,29,188.213707
0.89268,27,188.220683
0.88192,30,188.230544
0.88896,28,188.230596
0.88188,30,188.240703
0.88548,29,188.25516
0.88192,30,188.255221
0.89628,26,188.39635
0.88208,30,188.431323
0.88916,28,188.431383
0.88184,30,188.440233
0.882,30,188.446571
0.88184,30,188.452799
0.8818,30,188.466011
0.882,30,188.466071
0.8892,28,188.590833
0.88904,28,188.626898
0.88904,28,188.626959
0.89272,27,188.6397
0.88544,29,188.639758
0.88188,30,188.653822
0.8818,30,188.672494
0.88188,30,188.672555
0.88544,29,188.795745
0.88548,29,188.830328
0.88548,29,188.830384
0.88564,29,188.844712
0.88192,30,188.850599
0.88548,29,188.858739
0.89272,27,188.868754
0.88552,29,188.882617
0.88556,29,188.999954
0.89272,27,189.03494
0.88544,29,189.035001
0.8818,30,189.041224
0.88904,28,189.049562
0.88908,28,189.062254
0.88188,30,189.070914
0.88544,29,189.082511
0.88188,30,189.209572
0.88904,28,189.229852
0.88548,29,189.237803
0.88556,29,189.243471
0.87828,31,189.265945
0.88192,30,189.271535
0.88188,30,189.279904
0.88536,29,189.289371
0.89264,27,189.398331
0.8926,27,189.429743
0.88556,29,189.43671
0.88556,29,191.306502
0.88916,28,191.320523
0.88912,28,191.327845
0.89264,27,191.334378
0.87836,31,191.354903
0.88904,28,191.445267
0.8926,27,191.466905
0.88564,29,191.487552
0.88192,30,191.507381
0.88904,28,191.513239
0.882,30,191.519207
0.89272,27,191.532263
0.87112,33,191.550557
0.89264,27,191.626743
0.8892,28,191.653763
0.88912,28,191.675659
0.8854,29,191.701167
0.88916,28,191.707571
0.8782,31,191.723926
0.88208,30,191.738269
0.88552,29,191.752509
0.88904,28,191.818389
0.88912,28,191.84339
0.88896,28,191.863262
0.8962,26,191.879692
0.88548,29,191.893352
0.88912,28,191.919276
0.8784,31,191.927234
0.89268,27,191.927303
0.88548,29,192.011407
0.882,30,192.047764
0.88904,28,192.054047
0.88916,28,192.074797
0.88904,28,192.088591
0.88916,28,192.11645
0.88908,28,192.124884
0.88544,29,192.134041
0.88912,28,192.207239
0.89628,26,192.226497
0.8926,27,192.237965
0.88552,29,192.274364
0.88548,29,192.286355
0.889,28,192.302525
0.88908,28,192.310719
0.88188,30,192.327705
0.88912,28,192.389801
0.88904,28,192.407696
0.88912,28,192.419026
0.88904,28,192.452173
0.88548,29,192.471977
0.88908,28,192.486311
0.88912,28,192.494351
0.88904,28,192.513725
0.8854,29,192.577665
0.88904,28,192.58941
0.88544,29,192.609234
0.89624,26,192.642356
0.88564,29,192.642411
0.8926,27,192.661858
0.88564,29,192.682201
0.88924,28,192.695926
0.8926,27,193.069439
0.8926,27,193.069505
0.8926,27,193.069517
0.8926,27,193.069525
0.8926,27,193.069534
0.8926,27,193.06954
0.8926,27,193.069547
0.8926,27,193.069552
0.89268,27,193.262968
0.88904,28,193.268977
0.88904,28,193.269034
0.88916,28,193.269043
0.88556,29,193.275148
0.88548,29,193.275197
0.87484,32,193.295354
0.87468,32,193.295408
0.89628,26,195.397508
0.89628,26,195.398448
0.89628,26,195.398466
0.89628,26,195.398475
0.89628,26,195.398483
0.89628,26,195.39849
0.89628,26,195.398497
0.89628,26,195.398503
0.89628,26,195.514166
0.89628,26,195.51422
0.89628,26,195.514231
0.89628,26,195.514239
0.89628,26,195.514247
0.89628,26,195.514254
0.89628,26,195.514261
0.89628,26,195.514267
